,list
0,"{'systemCount': 2, 'customer_name': 'Hewlett Packard Enterprise', 'customer_id': '2404468'}"
1,"{'systemCount': 43, 'customer_name': 'Perform Group', 'customer_id': '1541841'}"
2,"{'systemCount': 2, 'customer_name': 'Nansen Environmental and Remote Sensing', 'customer_id': '1000303'}"
3,"{'systemCount': 7, 'customer_name': 'Continental Automotive Czech Republic SR O', 'customer_id': '1616255'}"
4,"{'systemCount': 4, 'customer_name': 'Kaitsepolitseiamet', 'customer_id': '2176699'}"
5,"{'systemCount': 1, 'customer_name': 'Stadtwerke Ratingen GmbH', 'customer_id': '2002376'}"
6,"{'systemCount': 4, 'customer_name': 'Caverion A/S', 'customer_id': '1576951'}"
7,"{'systemCount': 4, 'customer_name': 'Soya Group Support AB', 'customer_id': '1822385'}"
8,"{'systemCount': 1, 'customer_name': 'NORTHGATE PUBLIC SECTOR HOLDINGS Ltd.', 'customer_id': '2248836'}"
9,"{'systemCount': 6, 'customer_name': 'Mediengruppe Oberfranken', 'customer_id': '1638277'}"
10,"{'systemCount': 6, 'customer_name': 'MARTIN-BAKER AIRCRAFT Co Ltd.', 'customer_id': '2591520'}"
11,"{'systemCount': 9, 'customer_name': 'NHS Fife', 'customer_id': '1345755'}"
12,"{'systemCount': 2, 'customer_name': 'Echostar Europe', 'customer_id': '1342485'}"
13,"{'systemCount': 1, 'customer_name': 'Ametek', 'customer_id': '1884873'}"
14,"{'systemCount': 2, 'customer_name': 'Chiltern Railways', 'customer_id': '1537333'}"
15,"{'systemCount': 2, 'customer_name': 'Infosys Technologies Ltd.', 'customer_id': '1024761'}"
16,"{'systemCount': 3, 'customer_name': 'Arden & Gem Csu', 'customer_id': '2407728'}"
17,"{'systemCount': 3, 'customer_name': 'Tura Scandinavia AB', 'customer_id': '1022347'}"
18,"{'systemCount': 8, 'customer_name': 'Software AG', 'customer_id': '1026701'}"
19,"{'systemCount': 4, 'customer_name': 'Gebr Munzert GmbH & Co', 'customer_id': '2036164'}"
20,"{'systemCount': 4, 'customer_name': 'Stork Veco', 'customer_id': '2314431'}"
21,"{'systemCount': 4, 'customer_name': 'RIWA GmbH', 'customer_id': '1022109'}"
22,"{'systemCount': 6, 'customer_name': 'Forbo Flooring BV', 'customer_id': '1653669'}"
23,"{'systemCount': 2, 'customer_name': 'Reinier de Graaf Groep', 'customer_id': '1009104'}"
24,"{'systemCount': 3, 'customer_name': 'Cambrex Karlskoga AB', 'customer_id': '2248846'}"
25,"{'systemCount': 18, 'customer_name': 'Spie Nederland BV', 'customer_id': '1342257'}"
26,"{'systemCount': 3, 'customer_name': 'MRC Biostatistics Unit (MRC BSU)', 'customer_id': '2249937'}"
27,"{'systemCount': 4, 'customer_name': 'Evry Norge AS', 'customer_id': '2140033'}"
28,"{'systemCount': 2, 'customer_name': 'Veterinary Laboratories Agency', 'customer_id': '1007162'}"
29,"{'systemCount': 2, 'customer_name': 'Civil Aviation Authority', 'customer_id': '1001893'}"
30,"{'systemCount': 4, 'customer_name': 'Vattenfall Nuclear Fuel AB', 'customer_id': '1879026'}"
31,"{'systemCount': 2, 'customer_name': 'Catena Microelectronics', 'customer_id': '1031264'}"
32,"{'systemCount': 4, 'customer_name': 'Aufzugswerke M Schmitt & Sohn GmbH & Co.  KG', 'customer_id': '1654307'}"
33,"{'systemCount': 43, 'customer_name': 'CSL Behring LLC', 'customer_id': '1009375'}"
34,"{'systemCount': 8, 'customer_name': 'Horiba FuelCon GmbH', 'customer_id': '2755095'}"
35,"{'systemCount': 43, 'customer_name': 'Forsmarks Kraftgrupp AB', 'customer_id': '1011665'}"
36,"{'systemCount': 2, 'customer_name': 'Chiltern Railways Co Ltd.', 'customer_id': '2384556'}"
37,"{'systemCount': 2, 'customer_name': 'Alere AS', 'customer_id': '2249903'}"
38,"{'systemCount': 2, 'customer_name': 'WorldPay', 'customer_id': '1684168'}"
39,"{'systemCount': 2, 'customer_name': 'Cdon AB', 'customer_id': '1497828'}"
40,"{'systemCount': 10, 'customer_name': 'SaabTech AB', 'customer_id': '1336828'}"
41,"{'systemCount': 7, 'customer_name': 'Proact Belgium BVBA', 'customer_id': '1010579'}"
42,"{'systemCount': 3, 'customer_name': 'Dopravni Podnik Hlavního Mesta Prahy', 'customer_id': '2590699'}"
43,"{'systemCount': 4, 'customer_name': 'Erlus Baustoffe AG', 'customer_id': '1013605'}"
44,"{'systemCount': 35, 'customer_name': 'System C Healthcare PLC', 'customer_id': '1511186'}"
45,"{'systemCount': 3, 'customer_name': 'Zadkine', 'customer_id': '1022563'}"
46,"{'systemCount': 3, 'customer_name': 'Skövde kommun', 'customer_id': '2110834'}"
47,"{'systemCount': 6, 'customer_name': 'Lundin Norway AS', 'customer_id': '1597899'}"
48,"{'systemCount': 2, 'customer_name': 'Benenden Hospital Trust', 'customer_id': '1720350'}"
49,"{'systemCount': 4, 'customer_name': 'Sevenoaks District Council', 'customer_id': '1663470'}"
50,"{'systemCount': 4, 'customer_name': 'KID Interior AS', 'customer_id': '1011673'}"
51,"{'systemCount': 2, 'customer_name': 'TwentyThree ApS', 'customer_id': '1822110'}"
52,"{'systemCount': 1, 'customer_name': 'Sre Buskerud Politidistrikt', 'customer_id': '2137054'}"
53,"{'systemCount': 13, 'customer_name': 'BrainLab AG', 'customer_id': '1032357'}"
54,"{'systemCount': 6, 'customer_name': 'Ambientia Oy', 'customer_id': '1014708'}"
55,"{'systemCount': 2, 'customer_name': 'Accenture', 'customer_id': '1032118'}"
56,"{'systemCount': 1, 'customer_name': 'Volvo Information Technology', 'customer_id': '1435565'}"
57,"{'systemCount': 6, 'customer_name': 'Elkerliek Ziekenhuis', 'customer_id': '1410217'}"
58,"{'systemCount': 6, 'customer_name': 'De Vereende NV', 'customer_id': '2496563'}"
59,"{'systemCount': 5, 'customer_name': 'MAN Truck & Bus AG', 'customer_id': '2002576'}"
60,"{'systemCount': 6, 'customer_name': 'Meggitt UK Ltd.', 'customer_id': '1000506'}"
61,"{'systemCount': 4, 'customer_name': 'Deutsche Stiftung Organtransplantation ( dso)', 'customer_id': '1855034'}"
62,"{'systemCount': 7, 'customer_name': 'Kinnarps AB', 'customer_id': '1002924'}"
63,"{'systemCount': 24, 'customer_name': 'Helse Midt-Norge IT', 'customer_id': '1548276'}"
64,"{'systemCount': 3, 'customer_name': 'Norsk Institutt for Naturforskning', 'customer_id': '1792699'}"
65,"{'systemCount': 2, 'customer_name': 'HP India Sales Pvt Ltd.', 'customer_id': '1009792'}"
66,"{'systemCount': 2, 'customer_name': 'MAN Diesel A/S', 'customer_id': '1032107'}"
67,"{'systemCount': 7, 'customer_name': 'Deutsche Anlage-Leasing GmbH & Co KG', 'customer_id': '2051514'}"
68,"{'systemCount': 16, 'customer_name': 'Patria Oyj', 'customer_id': '1031014'}"
69,"{'systemCount': 26, 'customer_name': 'DAC Beachcroft LLP', 'customer_id': '1017198'}"
70,"{'systemCount': 4, 'customer_name': 'Rik', 'customer_id': '1828710'}"
71,"{'systemCount': 9, 'customer_name': 'Garmin (Europe) Ltd.', 'customer_id': '1908974'}"
72,"{'systemCount': 6, 'customer_name': 'Högskolan i Gävle', 'customer_id': '1012501'}"
73,"{'systemCount': 4, 'customer_name': 'Fakultni Nemocnice Ostrava', 'customer_id': '2078844'}"
74,"{'systemCount': 6, 'customer_name': 'Värnamo Kommun', 'customer_id': '2649875'}"
75,"{'systemCount': 4, 'customer_name': 'BMO Global Asset Management', 'customer_id': '2347770'}"
76,"{'systemCount': 1, 'customer_name': 'Caritasverband für den Landkreis Hassber ge e.V.', 'customer_id': '2291672'}"
77,"{'systemCount': 2, 'customer_name': 'Nedcon Bohemia sro', 'customer_id': '1618252'}"
78,"{'systemCount': 10, 'customer_name': 'Berufsförderungswerk München Gemeinnützi ge GmbH', 'customer_id': '1002943'}"
79,"{'systemCount': 2, 'customer_name': 'Insinööritoimisto Olof Granlund', 'customer_id': '1020336'}"
80,"{'systemCount': 9, 'customer_name': 'Sandwell Metropolitan Borough Council', 'customer_id': '1022757'}"
81,"{'systemCount': 6, 'customer_name': 'West Fries Gasthuis', 'customer_id': '1019588'}"
82,"{'systemCount': 4, 'customer_name': 'Blackpool & The Fylde College', 'customer_id': '1019343'}"
83,"{'systemCount': 1, 'customer_name': 'DSM Research BV', 'customer_id': '1557177'}"
84,"{'systemCount': 4, 'customer_name': 'Merseytravel', 'customer_id': '1571240'}"
85,"{'systemCount': 4, 'customer_name': 'Northampton General Hospital NHS Trust', 'customer_id': '1008242'}"
86,"{'systemCount': 6, 'customer_name': 'Estonian Security Police', 'customer_id': '1611866'}"
87,"{'systemCount': 2, 'customer_name': 'Plastic Omnium', 'customer_id': '1011863'}"
88,"{'systemCount': 16, 'customer_name': 'Dassault Systemes 3DExcite GmbH', 'customer_id': '2274902'}"
89,"{'systemCount': 4, 'customer_name': 'Ericsson India Pvt Ltd.', 'customer_id': '1010537'}"
90,"{'systemCount': 4, 'customer_name': 'Birkbeck College', 'customer_id': '1011625'}"
91,"{'systemCount': 1, 'customer_name': 'Roslin Institute', 'customer_id': '1008480'}"
92,"{'systemCount': 1, 'customer_name': 'Swiss Post Solutions GmbH', 'customer_id': '1477138'}"
93,"{'systemCount': 2, 'customer_name': 'Siniat SpA', 'customer_id': '2131316'}"
94,"{'systemCount': 2, 'customer_name': 'Uninett AS', 'customer_id': '2068397'}"
95,"{'systemCount': 3, 'customer_name': 'Cargotec', 'customer_id': '1733628'}"
96,"{'systemCount': 4, 'customer_name': 'MacTaggart Scott & Co Ltd.', 'customer_id': '1537598'}"
97,"{'systemCount': 5, 'customer_name': 'Univerzita Palackeho V Olomouci', 'customer_id': '1434436'}"
98,"{'systemCount': 3, 'customer_name': 'Mondi', 'customer_id': '1815864'}"
99,"{'systemCount': 2, 'customer_name': 'Apptus Technologies AB', 'customer_id': '1020344'}"
100,"{'systemCount': 2, 'customer_name': 'Which', 'customer_id': '2132648'}"
101,"{'systemCount': 2, 'customer_name': 'Gemeenschappelijk Computer Centrum', 'customer_id': '2118581'}"
102,"{'systemCount': 4, 'customer_name': 'Carlsberg Breweries AS', 'customer_id': '2670470'}"
103,"{'systemCount': 2, 'customer_name': 'BITE Latvija SIA', 'customer_id': '1021439'}"
104,"{'systemCount': 1, 'customer_name': 'Steinigke Showtechnic GmbH', 'customer_id': '1023618'}"
105,"{'systemCount': 1, 'customer_name': 'Kemp & Lauritzen AS', 'customer_id': '2223587'}"
106,"{'systemCount': 15, 'customer_name': 'Försäkringskassan', 'customer_id': '1689406'}"
107,"{'systemCount': 4, 'customer_name': 'Alamy Ltd.', 'customer_id': '1009564'}"
108,"{'systemCount': 2, 'customer_name': 'Nokia', 'customer_id': '1033882'}"
109,"{'systemCount': 14, 'customer_name': 'Svensk Kaernbraenslehantering AB', 'customer_id': '2371613'}"
110,"{'systemCount': 2, 'customer_name': 'Hochschule Heilbronn', 'customer_id': '1480520'}"
111,"{'systemCount': 3, 'customer_name': 'Evry AS', 'customer_id': '1457743'}"
112,"{'systemCount': 12, 'customer_name': 'Oce-Technologies BV', 'customer_id': '1025446'}"
113,"{'systemCount': 40, 'customer_name': 'Vattenfall Business Services Nordic AB', 'customer_id': '1441161'}"
114,"{'systemCount': 2, 'customer_name': 'Schibsted Products and Technology AS', 'customer_id': '2670265'}"
115,"{'systemCount': 4, 'customer_name': 'Telema AS', 'customer_id': '2432777'}"
116,"{'systemCount': 2, 'customer_name': 'Maria Ziekenhuis Noord-Limburg', 'customer_id': '1012135'}"
117,"{'systemCount': 1, 'customer_name': 'HCL America Inc.', 'customer_id': '1338822'}"
118,"{'systemCount': 44, 'customer_name': 'Proact Deutschland GmbH', 'customer_id': '1015642'}"
119,"{'systemCount': 12, 'customer_name': 'Elekta Inc.', 'customer_id': '1583405'}"
120,"{'systemCount': 6, 'customer_name': 'Medvet', 'customer_id': '1584970'}"
121,"{'systemCount': 8, 'customer_name': 'Coventry & Warwickshire Partnership NHS Trust', 'customer_id': '2605165'}"
122,"{'systemCount': 2, 'customer_name': 'Eesti Loto', 'customer_id': '2703833'}"
123,"{'systemCount': 7, 'customer_name': 'Jeppesen Systems AB', 'customer_id': '1002556'}"
124,"{'systemCount': 1, 'customer_name': 'Microchip Technology Inc.', 'customer_id': '1026306'}"
125,"{'systemCount': 1, 'customer_name': 'Proact Finland', 'customer_id': '1955526'}"
126,"{'systemCount': 3, 'customer_name': 'Mondi Eschenbach GmbH', 'customer_id': '1614001'}"
127,"{'systemCount': 2, 'customer_name': 'Etex IT', 'customer_id': '2583986'}"
128,"{'systemCount': 2, 'customer_name': 'AKI GmbH', 'customer_id': '1593430'}"
129,"{'systemCount': 2, 'customer_name': 'Tallinna Vesi AS', 'customer_id': '2503813'}"
130,"{'systemCount': 5, 'customer_name': 'Dortmunder Systemhaus', 'customer_id': '1661233'}"
131,"{'systemCount': 1, 'customer_name': 'ERG Sales AG', 'customer_id': '1340912'}"
132,"{'systemCount': 4, 'customer_name': 'Vitnett AS', 'customer_id': '1703619'}"
133,"{'systemCount': 12, 'customer_name': 'Vitens', 'customer_id': '1016749'}"
134,"{'systemCount': 4, 'customer_name': 'A&M Stabtest GmbH', 'customer_id': '2367134'}"
135,"{'systemCount': 8, 'customer_name': 'Sveriges Geologiska Undersökning', 'customer_id': '1455305'}"
136,"{'systemCount': 2, 'customer_name': 'Holstein UK', 'customer_id': '1002101'}"
137,"{'systemCount': 4, 'customer_name': 'Sutton and East Surrey Water PLC', 'customer_id': '1012351'}"
138,"{'systemCount': 2, 'customer_name': 'Landratsamt Weilheim-Schongau', 'customer_id': '1013446'}"
139,"{'systemCount': 7, 'customer_name': 'Diakoniewerk Martha-Maria eV', 'customer_id': '1660598'}"
140,"{'systemCount': 40, 'customer_name': 'ProAct Managed Cloud Services BV', 'customer_id': '1756370'}"
141,"{'systemCount': 2, 'customer_name': 'Siauliai Hospital', 'customer_id': '2272085'}"
142,"{'systemCount': 30, 'customer_name': 'East Riding of Yorkshire Council', 'customer_id': '1001252'}"
143,"{'systemCount': 4, 'customer_name': 'Suzuki Garphyttan AB', 'customer_id': '2570447'}"
144,"{'systemCount': 1, 'customer_name': 'Canon Norway', 'customer_id': '1017806'}"
145,"{'systemCount': 10, 'customer_name': 'Nippon Seiki (Europe) BV', 'customer_id': '2089551'}"
146,"{'systemCount': 17, 'customer_name': 'South Yorkshire Police', 'customer_id': '2512544'}"
147,"{'systemCount': 4, 'customer_name': 'Scania IT AB', 'customer_id': '1023017'}"
148,"{'systemCount': 8, 'customer_name': 'University Hospitals Coventry & Warwicks hire Nhs Trust', 'customer_id': '1977998'}"
149,"{'systemCount': 3, 'customer_name': 'Allgäuer Zeitungsverlag GmbH', 'customer_id': '1028943'}"
150,"{'systemCount': 2, 'customer_name': 'Prosafco BV', 'customer_id': '1746322'}"
151,"{'systemCount': 2, 'customer_name': 'Apotek 1 Gruppen AS', 'customer_id': '2099112'}"
152,"{'systemCount': 4, 'customer_name': 'Västerviks Kommun', 'customer_id': '1502644'}"
153,"{'systemCount': 4, 'customer_name': 'Profimedia CZ as', 'customer_id': '2377188'}"
154,"{'systemCount': 1048, 'customer_name': 'Ericsson AB', 'customer_id': '1012368'}"
155,"{'systemCount': 2, 'customer_name': 'Holland Colours', 'customer_id': '2406454'}"
156,"{'systemCount': 2, 'customer_name': 'Aker Solutions', 'customer_id': '2755025'}"
157,"{'systemCount': 4, 'customer_name': 'Havas', 'customer_id': '1970950'}"
158,"{'systemCount': 2, 'customer_name': 'Sharecat Solutions AS', 'customer_id': '2535212'}"
159,"{'systemCount': 9, 'customer_name': 'Coventry Building Society', 'customer_id': '1022136'}"
160,"{'systemCount': 2, 'customer_name': 'Teknologian tutkimuskeskus VTT', 'customer_id': '1444871'}"
161,"{'systemCount': 48, 'customer_name': 'Vion', 'customer_id': '2078671'}"
162,"{'systemCount': 7, 'customer_name': 'Kirklees Metropolitan Council', 'customer_id': '1338865'}"
163,"{'systemCount': 28, 'customer_name': 'Gemeente Texel', 'customer_id': '1014515'}"
164,"{'systemCount': 5, 'customer_name': 'Bischöfliches Ordinariat Limburg', 'customer_id': '1828324'}"
165,"{'systemCount': 1, 'customer_name': 'Fredo TLN OÜ', 'customer_id': '2733683'}"
166,"{'systemCount': 7, 'customer_name': 'Solcon Internetdiensten BV', 'customer_id': '1808713'}"
167,"{'systemCount': 2, 'customer_name': 'Bravilor', 'customer_id': '2407373'}"
168,"{'systemCount': 4, 'customer_name': 'ABAB Accountants', 'customer_id': '1530917'}"
169,"{'systemCount': 18, 'customer_name': 'Rentalcars.com', 'customer_id': '2384730'}"
170,"{'systemCount': 24, 'customer_name': 'Säkerhetspolisen', 'customer_id': '2351818'}"
171,"{'systemCount': 8, 'customer_name': 'Nokia Solutions & Networks Oy', 'customer_id': '1430216'}"
172,"{'systemCount': 1, 'customer_name': 'Teledyne Reson A/S', 'customer_id': '2369349'}"
173,"{'systemCount': 4, 'customer_name': 'Bayerischer Rundfunk', 'customer_id': '1001426'}"
174,"{'systemCount': 4, 'customer_name': 'Valmyndigheten', 'customer_id': '2524336'}"
175,"{'systemCount': 2, 'customer_name': 'Reading Borough Council', 'customer_id': '1444883'}"
176,"{'systemCount': 10, 'customer_name': 'Swinton Group Ltd.', 'customer_id': '1012583'}"
177,"{'systemCount': 2, 'customer_name': 'Jablotron Alarms SA', 'customer_id': '2526519'}"
178,"{'systemCount': 8, 'customer_name': 'Tvno Textilservice AB', 'customer_id': '1851747'}"
179,"{'systemCount': 4, 'customer_name': 'Kripos', 'customer_id': '1604058'}"
180,"{'systemCount': 5, 'customer_name': 'Bickhardt Bau AG', 'customer_id': '1014527'}"
181,"{'systemCount': 4, 'customer_name': 'Customs Criminal Service', 'customer_id': '2218143'}"
182,"{'systemCount': 6, 'customer_name': 'Vanquis Bank Ltd.', 'customer_id': '1430249'}"
183,"{'systemCount': 3, 'customer_name': 'Stadt Bayreuth', 'customer_id': '1023208'}"
184,"{'systemCount': 2, 'customer_name': 'Plastic Omnium GmbH', 'customer_id': '1010371'}"
185,"{'systemCount': 10, 'customer_name': 'Dorset Healthcare Nhs Foundation Trust', 'customer_id': '1894454'}"
186,"{'systemCount': 8, 'customer_name': 'Rockwell Collins Deutschland GmbH', 'customer_id': '2458902'}"
187,"{'systemCount': 8, 'customer_name': 'Turner & Townsend Group Ltd.', 'customer_id': '2489612'}"
188,"{'systemCount': 4, 'customer_name': 'Getinge Disinfection AB', 'customer_id': '1582533'}"
189,"{'systemCount': 6, 'customer_name': 'Twc Automatiseringsdiensten', 'customer_id': '2570400'}"
190,"{'systemCount': 1, 'customer_name': 'Surrey Heath Borough Council', 'customer_id': '1016917'}"
191,"{'systemCount': 12, 'customer_name': 'Verisure Innovation AB', 'customer_id': '1024540'}"
192,"{'systemCount': 14, 'customer_name': 'Havas Media Group UK', 'customer_id': '2451020'}"
193,"{'systemCount': 1, 'customer_name': 'Northgate MS Ltd.', 'customer_id': '1019198'}"
194,"{'systemCount': 2, 'customer_name': 'DHL IT Services Finland', 'customer_id': '1010386'}"
195,"{'systemCount': 1, 'customer_name': 'Chemosvit', 'customer_id': '2486576'}"
196,"{'systemCount': 2, 'customer_name': 'Kraftanlagen München GmbH', 'customer_id': '1452489'}"
197,"{'systemCount': 1, 'customer_name': 'Estonian National Broadcasting', 'customer_id': '1944462'}"
198,"{'systemCount': 2, 'customer_name': 'Waterschapsbedrijf Limburg', 'customer_id': '1704312'}"
199,"{'systemCount': 3, 'customer_name': 'Myerscough College', 'customer_id': '2441097'}"
200,"{'systemCount': 4, 'customer_name': 'Rail Power Systems GmbH', 'customer_id': '1015483'}"
201,"{'systemCount': 4, 'customer_name': 'Innovation Group', 'customer_id': '1018993'}"
202,"{'systemCount': 4, 'customer_name': 'Hewlett Packard Sverige AB', 'customer_id': '1007615'}"
203,"{'systemCount': 1, 'customer_name': 'Mesto Beroun', 'customer_id': '2613196'}"
204,"{'systemCount': 4, 'customer_name': 'Eniram Oy', 'customer_id': '2009204'}"
205,"{'systemCount': 2, 'customer_name': 'Stork Fokker Services BV', 'customer_id': '1021917'}"
206,"{'systemCount': 3, 'customer_name': 'Adestis GmbH', 'customer_id': '1609038'}"
207,"{'systemCount': 2, 'customer_name': 'Finori GmbH', 'customer_id': '2602056'}"
208,"{'systemCount': 6, 'customer_name': 'Bol.com BV', 'customer_id': '1851279'}"
209,"{'systemCount': 2, 'customer_name': 'Mondi Hammelburg GmbH', 'customer_id': '2662009'}"
210,"{'systemCount': 4, 'customer_name': 'Statutarni Mesto Ostrava', 'customer_id': '1342803'}"
211,"{'systemCount': 2, 'customer_name': 'Bock 1 GmbH & Co. KG', 'customer_id': '1019843'}"
212,"{'systemCount': 2, 'customer_name': 'Dutch Wheels BV', 'customer_id': '2662249'}"
213,"{'systemCount': 6, 'customer_name': 'Ilmtalklinik GmbH', 'customer_id': '2299627'}"
214,"{'systemCount': 4, 'customer_name': 'Talktalk Group Ltd.', 'customer_id': '1947737'}"
215,"{'systemCount': 1, 'customer_name': 'Pentair Südmo GmbH', 'customer_id': '1340861'}"
216,"{'systemCount': 2, 'customer_name': 'Intersafe Groeneveld BV', 'customer_id': '1002161'}"
217,"{'systemCount': 8, 'customer_name': 'Tullett Prebon Ltd.', 'customer_id': '1491709'}"
218,"{'systemCount': 2, 'customer_name': 'Miller Leasing Miete GmbH', 'customer_id': '1031736'}"
219,"{'systemCount': 3, 'customer_name': 'Mestska Cast Praha 4', 'customer_id': '2443261'}"
220,"{'systemCount': 51, 'customer_name': 'Teracom AB', 'customer_id': '1029899'}"
221,"{'systemCount': 8, 'customer_name': 'Scientific Games', 'customer_id': '2616691'}"
222,"{'systemCount': 8, 'customer_name': 'iWelt AG', 'customer_id': '1021935'}"
223,"{'systemCount': 2, 'customer_name': 'Inchcape Shipping Services Ltd.', 'customer_id': '1460088'}"
224,"{'systemCount': 4, 'customer_name': 'Taylor Vinters LLP', 'customer_id': '1581978'}"
225,"{'systemCount': 2, 'customer_name': 'Rehavital', 'customer_id': '2309613'}"
226,"{'systemCount': 11, 'customer_name': 'Nynas AB', 'customer_id': '1637752'}"
227,"{'systemCount': 8, 'customer_name': 'itslearning', 'customer_id': '2201199'}"
228,"{'systemCount': 12, 'customer_name': 'Vaisala Oyj', 'customer_id': '1342812'}"
229,"{'systemCount': 5, 'customer_name': 'Siltronic Corp.', 'customer_id': '1032814'}"
230,"{'systemCount': 2, 'customer_name': 'Audentese Koolide SA', 'customer_id': '2660056'}"
231,"{'systemCount': 20, 'customer_name': 'Universitetet I Bergen', 'customer_id': '1666294'}"
232,"{'systemCount': 3, 'customer_name': 'Landesbank Baden-Württemberg', 'customer_id': '1030615'}"
233,"{'systemCount': 1, 'customer_name': 'Zweckverband Berufsschulen Stadt Und Lan dkreis Bamberg', 'customer_id': '2316383'}"
234,"{'systemCount': 1, 'customer_name': 'Peform Holding Cesko sro', 'customer_id': '2477266'}"
235,"{'systemCount': 4, 'customer_name': 'BBSRC Bioscience IT Services', 'customer_id': '1030610'}"
236,"{'systemCount': 3, 'customer_name': 'FMC Technologies Inc.', 'customer_id': '1008722'}"
237,"{'systemCount': 6, 'customer_name': 'Antonius Ziekenhuis Sneek', 'customer_id': '2451915'}"
238,"{'systemCount': 2, 'customer_name': 'Camelot Group Ltd.', 'customer_id': '1932019'}"
239,"{'systemCount': 13, 'customer_name': 'Jakob Hatteland Solutions AS', 'customer_id': '2226266'}"
240,"{'systemCount': 2, 'customer_name': 'Kwikfit', 'customer_id': '2597404'}"
241,"{'systemCount': 3, 'customer_name': 'Change', 'customer_id': '2491576'}"
242,"{'systemCount': 2, 'customer_name': 'Monmouthshire County Council', 'customer_id': '1027682'}"
243,"{'systemCount': 4, 'customer_name': 'IFG Management UK Ltd.', 'customer_id': '1580673'}"
244,"{'systemCount': 2, 'customer_name': 'Goepel Electronic GmbH', 'customer_id': '2283002'}"
245,"{'systemCount': 8, 'customer_name': 'On Semiconductor', 'customer_id': '1028308'}"
246,"{'systemCount': 4, 'customer_name': 'The Bank of East Asia', 'customer_id': '1946630'}"
247,"{'systemCount': 16, 'customer_name': 'OSRAM Opto Semiconductors GmbH', 'customer_id': '1031953'}"
248,"{'systemCount': 2, 'customer_name': 'WesternGeco', 'customer_id': '1031951'}"
249,"{'systemCount': 15, 'customer_name': 'Pfleiderer Deutschland GmbH', 'customer_id': '2526650'}"
250,"{'systemCount': 1, 'customer_name': 'Ote SA', 'customer_id': '1030860'}"
251,"{'systemCount': 4, 'customer_name': 'Fugro Survey BV', 'customer_id': '1682530'}"
252,"{'systemCount': 11, 'customer_name': 'Phadia AB', 'customer_id': '1636202'}"
253,"{'systemCount': 4, 'customer_name': 'Technische Universität München', 'customer_id': '1003022'}"
254,"{'systemCount': 1, 'customer_name': 'Lintz Welsch & Kollegen Steuerberatungsg esellschaft mbH', 'customer_id': '1341740'}"
255,"{'systemCount': 2, 'customer_name': 'Max Bögl Bauservice GmbH & Co. KG', 'customer_id': '1029632'}"
256,"{'systemCount': 2, 'customer_name': 'Stackscale SL', 'customer_id': '1864350'}"
257,"{'systemCount': 29, 'customer_name': 'Springer Science+Business Media BV', 'customer_id': '1511862'}"
258,"{'systemCount': 8, 'customer_name': 'Gestamp Tallent Ltd.', 'customer_id': '2274530'}"
259,"{'systemCount': 2, 'customer_name': 'Dijklander Ziekenhuis', 'customer_id': '2684026'}"
260,"{'systemCount': 2, 'customer_name': 'Kovona System AS', 'customer_id': '2664431'}"
261,"{'systemCount': 3, 'customer_name': 'Nordunet', 'customer_id': '1864308'}"
262,"{'systemCount': 2, 'customer_name': 'Datatilsynet', 'customer_id': '1796494'}"
263,"{'systemCount': 2, 'customer_name': 'Giesecke & Devrient GmbH', 'customer_id': '1004545'}"
264,"{'systemCount': 17, 'customer_name': 'Ericsson (China) Co Ltd.', 'customer_id': '1016771'}"
265,"{'systemCount': 9, 'customer_name': 'DNO International ASA', 'customer_id': '1575261'}"
266,"{'systemCount': 2, 'customer_name': 'Nokia Solutions and Networks UK Ltd.', 'customer_id': '1338586'}"
267,"{'systemCount': 3, 'customer_name': 'LEW Service & Consulting GmbH', 'customer_id': '1337257'}"
268,"{'systemCount': 4, 'customer_name': 'Tameside College', 'customer_id': '1008905'}"
269,"{'systemCount': 2, 'customer_name': 'Kupek GmbH', 'customer_id': '2410384'}"
270,"{'systemCount': 29, 'customer_name': 'Svenska Kraftnaet', 'customer_id': '1831868'}"
271,"{'systemCount': 6, 'customer_name': 'Northern Powergrid (Northeast) Ltd.', 'customer_id': '2275217'}"
272,"{'systemCount': 1, 'customer_name': 'Stadtwerke Hof GmbH', 'customer_id': '1777737'}"
273,"{'systemCount': 3, 'customer_name': 'Sparebanken Hedmark', 'customer_id': '1340665'}"
274,"{'systemCount': 4, 'customer_name': 'North West London Commissioning Support Unit', 'customer_id': '1340663'}"
275,"{'systemCount': 1010, 'customer_name': 'Proact IT UK Ltd.', 'customer_id': '1002115'}"
276,"{'systemCount': 4, 'customer_name': 'Lasaulec BV', 'customer_id': '2498177'}"
277,"{'systemCount': 4, 'customer_name': 'SBM Schiedam BV', 'customer_id': '1859186'}"
278,"{'systemCount': 2, 'customer_name': 'Gnosjö Kommun', 'customer_id': '1799990'}"
279,"{'systemCount': 1, 'customer_name': 'Gateshead Metropolitan Borough Council', 'customer_id': '1006711'}"
280,"{'systemCount': 2, 'customer_name': 'Norsk Helsenett SF', 'customer_id': '1590401'}"
281,"{'systemCount': 4, 'customer_name': 'Renk AG', 'customer_id': '1001024'}"
282,"{'systemCount': 2, 'customer_name': 'Benify AB', 'customer_id': '2744872'}"
283,"{'systemCount': 2, 'customer_name': 'Continental Automotive System Slovakia S ro', 'customer_id': '1932024'}"
284,"{'systemCount': 4, 'customer_name': 'University of Gloucestershire', 'customer_id': '2763137'}"
285,"{'systemCount': 2, 'customer_name': 'Gilbarco Veeder-Root', 'customer_id': '1015218'}"
286,"{'systemCount': 3, 'customer_name': 'Fugro Survey AS', 'customer_id': '1811606'}"
287,"{'systemCount': 4, 'customer_name': 'Mansfield Disctrict Council', 'customer_id': '2244722'}"
288,"{'systemCount': 14, 'customer_name': 'Tradition UK Ltd.', 'customer_id': '1872189'}"
289,"{'systemCount': 3, 'customer_name': 'Tui Belgium NV', 'customer_id': '2378475'}"
290,"{'systemCount': 19, 'customer_name': 'University of Sheffield', 'customer_id': '1015426'}"
291,"{'systemCount': 2, 'customer_name': 'Opera Software ASA', 'customer_id': '2077086'}"
292,"{'systemCount': 8, 'customer_name': 'Ymere', 'customer_id': '1339459'}"
293,"{'systemCount': 2, 'customer_name': 'Stratiteq Sweden AB', 'customer_id': '1932055'}"
294,"{'systemCount': 8, 'customer_name': 'Chr Hansen', 'customer_id': '1006983'}"
295,"{'systemCount': 2, 'customer_name': 'Arvato Services', 'customer_id': '1001051'}"
296,"{'systemCount': 16, 'customer_name': 'SMHI', 'customer_id': '1002382'}"
297,"{'systemCount': 24, 'customer_name': 'Göteborgs Universitet', 'customer_id': '1340687'}"
298,"{'systemCount': 2, 'customer_name': 'Ustav jaderneho vyzkumu Rez AS', 'customer_id': '1451783'}"
299,"{'systemCount': 8, 'customer_name': 'Geis CZ sro', 'customer_id': '2100140'}"
300,"{'systemCount': 5, 'customer_name': 'Sepura PLC', 'customer_id': '1001045'}"
301,"{'systemCount': 4, 'customer_name': 'KomMITT-Ratingen GmbH', 'customer_id': '2089071'}"
302,"{'systemCount': 2, 'customer_name': 'Nowcomm', 'customer_id': '1995803'}"
303,"{'systemCount': 8, 'customer_name': 'Nordic Semiconductor', 'customer_id': '1026568'}"
304,"{'systemCount': 2, 'customer_name': 'Evotec AG', 'customer_id': '1013251'}"
305,"{'systemCount': 2, 'customer_name': 'Fennia', 'customer_id': '2007256'}"
306,"{'systemCount': 3, 'customer_name': 'Hultsfreds Kommun', 'customer_id': '1642913'}"
307,"{'systemCount': 2, 'customer_name': 'Fischer Knoblauch & Co Medienproduktions gesellschaft mbH', 'customer_id': '1658018'}"
308,"{'systemCount': 14, 'customer_name': 'KP Snacks Ltd.', 'customer_id': '2029026'}"
309,"{'systemCount': 2, 'customer_name': 'Tech Data Nederland BV', 'customer_id': '1018701'}"
310,"{'systemCount': 6, 'customer_name': 'Unirobe Meeus ICT', 'customer_id': '1014587'}"
311,"{'systemCount': 6, 'customer_name': 'Gleiss Lutz', 'customer_id': '1751716'}"
312,"{'systemCount': 2, 'customer_name': 'qSkills GmbH & Co. KG', 'customer_id': '1003460'}"
313,"{'systemCount': 2, 'customer_name': 'Narva Linnakantselei', 'customer_id': '2349256'}"
314,"{'systemCount': 57, 'customer_name': 'Wacker Chemie AG', 'customer_id': '1026563'}"
315,"{'systemCount': 4, 'customer_name': 'ConocoPhillips Co', 'customer_id': '1031907'}"
316,"{'systemCount': 2, 'customer_name': 'NetVision Datentechnik GmbH u. Co. KG', 'customer_id': '2295016'}"
317,"{'systemCount': 62, 'customer_name': 'HCL Technologies Sweden AB', 'customer_id': '1733711'}"
318,"{'systemCount': 5, 'customer_name': 'Münchener Zeitungs Verlag GmbH & Co. KG', 'customer_id': '1687177'}"
319,"{'systemCount': 2, 'customer_name': 'Chess iX', 'customer_id': '2359057'}"
320,"{'systemCount': 4, 'customer_name': 'Kungaelv Energi AB', 'customer_id': '1878113'}"
321,"{'systemCount': 1, 'customer_name': 'Günther Direct Services GmbH', 'customer_id': '1016172'}"
322,"{'systemCount': 27, 'customer_name': 'CREALOGIX BaaS GmbH & Co. KG', 'customer_id': '1018592'}"
323,"{'systemCount': 4, 'customer_name': 'Oy Karl Fazer Ab', 'customer_id': '1689593'}"
324,"{'systemCount': 19, 'customer_name': 'Discovery Communications Europe Ltd.', 'customer_id': '1007451'}"
325,"{'systemCount': 6, 'customer_name': 'TD Bank Financial Group', 'customer_id': '1032660'}"
326,"{'systemCount': 2, 'customer_name': 'Newlaw Solicitors', 'customer_id': '2518634'}"
327,"{'systemCount': 6, 'customer_name': 'Polar Electro Oy', 'customer_id': '2428958'}"
328,"{'systemCount': 4, 'customer_name': 'Cleveland College of Art & Design', 'customer_id': '1548071'}"
329,"{'systemCount': 3, 'customer_name': 'Nemocnice Jablonec nad Nisou', 'customer_id': '2236674'}"
330,"{'systemCount': 2, 'customer_name': 'Garmin France', 'customer_id': '2200260'}"
331,"{'systemCount': 6, 'customer_name': 'Högskolan Dalarna', 'customer_id': '2135853'}"
332,"{'systemCount': 2, 'customer_name': 'ASCO Deutschland GmbH', 'customer_id': '1019697'}"
333,"{'systemCount': 8, 'customer_name': 'BigBank AS', 'customer_id': '1960781'}"
334,"{'systemCount': 6, 'customer_name': 'Detailresult Groep NV', 'customer_id': '1762260'}"
335,"{'systemCount': 35, 'customer_name': 'Swedish Orphan Biovitrum AB', 'customer_id': '1457072'}"
336,"{'systemCount': 1, 'customer_name': 'Ericsson India Global Services Pvt Ltd.', 'customer_id': '2171706'}"
337,"{'systemCount': 3, 'customer_name': 'Fortis Petroleum', 'customer_id': '1677375'}"
338,"{'systemCount': 4, 'customer_name': 'Gauldal IKT AS', 'customer_id': '1643108'}"
339,"{'systemCount': 8, 'customer_name': 'Stockholmvatten AB', 'customer_id': '1001931'}"
340,"{'systemCount': 6, 'customer_name': 'Ludwig Maximilians Universität München', 'customer_id': '1008568'}"
341,"{'systemCount': 2, 'customer_name': 'Cembre Ltd.', 'customer_id': '2064687'}"
342,"{'systemCount': 28, 'customer_name': 'AXIS Communications AB', 'customer_id': '1016154'}"
343,"{'systemCount': 9, 'customer_name': 'Norrköpings kommun', 'customer_id': '1017488'}"
344,"{'systemCount': 12, 'customer_name': 'Försvarets Radio Anstalt', 'customer_id': '1951819'}"
345,"{'systemCount': 4, 'customer_name': 'TDC Solutions A/S', 'customer_id': '1017484'}"
346,"{'systemCount': 2, 'customer_name': 'Adresseavisen ASA', 'customer_id': '1023925'}"
347,"{'systemCount': 3, 'customer_name': 'Meissner Bolte Partnerschaft mbB', 'customer_id': '1843261'}"
348,"{'systemCount': 2, 'customer_name': 'Den Gamle By', 'customer_id': '1342426'}"
349,"{'systemCount': 17, 'customer_name': 'Erzbischoefliches Ordinariat Bamberg', 'customer_id': '1342429'}"
350,"{'systemCount': 2, 'customer_name': 'Arvato Technical Information SL', 'customer_id': '2707418'}"
351,"{'systemCount': 3, 'customer_name': 'Multiconsult AS', 'customer_id': '1948418'}"
352,"{'systemCount': 6, 'customer_name': 'Tibco Software Ltd.', 'customer_id': '1015076'}"
353,"{'systemCount': 1, 'customer_name': 'National Information & Consulting Centre  for Culture', 'customer_id': '2159867'}"
354,"{'systemCount': 1, 'customer_name': 'Suunto Oy', 'customer_id': '2376410'}"
355,"{'systemCount': 1, 'customer_name': 'Rechenzentrum Haßurt GmbH', 'customer_id': '2495529'}"
356,"{'systemCount': 3, 'customer_name': 'Friedrich-Alexander-Universität Erlangen -Nürnberg', 'customer_id': '1009400'}"
357,"{'systemCount': 6, 'customer_name': 'Folkhälsomyndighten', 'customer_id': '1652078'}"
358,"{'systemCount': 4, 'customer_name': 'Mondi Halle GmbH Plant Steinfeld', 'customer_id': '2764646'}"
359,"{'systemCount': 2, 'customer_name': 'Generali Infrastructure Services SCARL', 'customer_id': '1809795'}"
360,"{'systemCount': 2, 'customer_name': 'Atos IT Solutions & Services AS', 'customer_id': '1775943'}"
361,"{'systemCount': 18, 'customer_name': 'Sveriges Lantbruksuniversitet', 'customer_id': '1668451'}"
362,"{'systemCount': 7, 'customer_name': 'Arriva Rail London Ltd.', 'customer_id': '2565429'}"
363,"{'systemCount': 1, 'customer_name': 'Antena 3 Televisión SA', 'customer_id': '1003057'}"
364,"{'systemCount': 2, 'customer_name': 'Sport Scotland', 'customer_id': '2603502'}"
365,"{'systemCount': 8, 'customer_name': 'Capio St Gorans Sjukhus AB', 'customer_id': '1553635'}"
366,"{'systemCount': 6, 'customer_name': 'Landratsamt Schwandorf', 'customer_id': '1654286'}"
367,"{'systemCount': 10, 'customer_name': 'Airbus Defence & Space Ltd.', 'customer_id': '1716339'}"
368,"{'systemCount': 2, 'customer_name': 'Norman Zimmer Hard und Softwarehandel', 'customer_id': '2609047'}"
369,"{'systemCount': 5, 'customer_name': 'Helse Bergen Hf', 'customer_id': '1953828'}"
370,"{'systemCount': 5, 'customer_name': 'Voiceworks BV', 'customer_id': '2217739'}"
371,"{'systemCount': 6, 'customer_name': 'Olayan Europe Ltd.', 'customer_id': '1704588'}"
372,"{'systemCount': 1, 'customer_name': 'Heerema Marine Contractors Singapore Pte  Ltd.', 'customer_id': '1941840'}"
373,"{'systemCount': 5, 'customer_name': 'HCL TECHNOLOGIES LTD', 'customer_id': '1030442'}"
374,"{'systemCount': 7, 'customer_name': 'Marel Holding BV', 'customer_id': '1338199'}"
375,"{'systemCount': 2, 'customer_name': 'Vion Food Group', 'customer_id': '1924483'}"
376,"{'systemCount': 11, 'customer_name': 'Sbm Offshore NV', 'customer_id': '1689384'}"
377,"{'systemCount': 5, 'customer_name': 'Andritz Oy', 'customer_id': '1450409'}"
378,"{'systemCount': 1, 'customer_name': 'Garmin Würzburg GmbH', 'customer_id': '1825841'}"
379,"{'systemCount': 2, 'customer_name': 'Odec', 'customer_id': '2655107'}"
380,"{'systemCount': 5, 'customer_name': 'Krankenhaus GmbH Landkreis Weilheim-Scho ngau', 'customer_id': '2699179'}"
381,"{'systemCount': 1, 'customer_name': 'Northgate Information Solutions', 'customer_id': '1019658'}"
382,"{'systemCount': 2, 'customer_name': 'ExxonMobil', 'customer_id': '1032612'}"
383,"{'systemCount': 3, 'customer_name': 'University of Tartu', 'customer_id': '1941602'}"
384,"{'systemCount': 4, 'customer_name': 'Shared Resource Service Business Solutio ns Ltd.', 'customer_id': '2291033'}"
385,"{'systemCount': 4, 'customer_name': 'Statens Vegvesen Vegdir', 'customer_id': '2100784'}"
386,"{'systemCount': 3, 'customer_name': 'ECE Projektmanagement GmbH & Co. KG', 'customer_id': '1416735'}"
387,"{'systemCount': 24, 'customer_name': 'Proact Managed Cloud Services AB', 'customer_id': '2504055'}"
388,"{'systemCount': 2, 'customer_name': 'Proact Estonia AS', 'customer_id': '1450609'}"
389,"{'systemCount': 2, 'customer_name': 'Digita Networks Oy', 'customer_id': '2248217'}"
390,"{'systemCount': 2, 'customer_name': 'Aris Technologies Ltd.', 'customer_id': '2634676'}"
391,"{'systemCount': 1, 'customer_name': 'Springer Nature', 'customer_id': '2495734'}"
392,"{'systemCount': 4, 'customer_name': 'Tarsier Studios AB', 'customer_id': '2467268'}"
393,"{'systemCount': 4, 'customer_name': 'Dassault Systemes', 'customer_id': '1032844'}"
394,"{'systemCount': 3, 'customer_name': 'Securitas Direct SAS', 'customer_id': '1774883'}"
395,"{'systemCount': 2, 'customer_name': 'VNC Automotive Ltd.', 'customer_id': '2646652'}"
396,"{'systemCount': 7, 'customer_name': 'Mnemonic AS', 'customer_id': '1518698'}"
397,"{'systemCount': 4, 'customer_name': 'Cinnober Financial Technology', 'customer_id': '1021950'}"
398,"{'systemCount': 6, 'customer_name': 'Agustawestland', 'customer_id': '1763772'}"
399,"{'systemCount': 2, 'customer_name': 'Pdc BV', 'customer_id': '1433060'}"
400,"{'systemCount': 2, 'customer_name': 'Ecole Privee Fieldgen', 'customer_id': '1572168'}"
401,"{'systemCount': 6, 'customer_name': 'Blekinge Tekniska Högskola', 'customer_id': '1529341'}"
402,"{'systemCount': 1, 'customer_name': 'Sarstedt AG & Co', 'customer_id': '2352018'}"
403,"{'systemCount': 3, 'customer_name': 'Werner Lieb GmbH & Co. KG', 'customer_id': '2039458'}"
404,"{'systemCount': 8, 'customer_name': 'Philips Research', 'customer_id': '1026167'}"
405,"{'systemCount': 6, 'customer_name': 'Fraunhofer IME', 'customer_id': '1010824'}"
406,"{'systemCount': 4, 'customer_name': 'Apollo Optik GmbH & Co. KG', 'customer_id': '1001753'}"
407,"{'systemCount': 2, 'customer_name': 'Aberdeenshire Council', 'customer_id': '1463902'}"
408,"{'systemCount': 1, 'customer_name': 'Dallmeier International (Macau) Ltd.', 'customer_id': '2336330'}"
409,"{'systemCount': 32, 'customer_name': 'Proact MCS BV', 'customer_id': '2119302'}"
410,"{'systemCount': 2, 'customer_name': 'Surfboxx It-Solutions GmbH', 'customer_id': '2437020'}"
411,"{'systemCount': 2, 'customer_name': 'Allianz Global Assistance', 'customer_id': '1007299'}"
412,"{'systemCount': 2, 'customer_name': 'ACV', 'customer_id': '1689999'}"
413,"{'systemCount': 12, 'customer_name': 'Ericsson Inc.', 'customer_id': '1034205'}"
414,"{'systemCount': 1, 'customer_name': 'Smaforetagarnas Arbetsloshetskassa', 'customer_id': '1550205'}"
415,"{'systemCount': 43, 'customer_name': 'Ocado Ltd.', 'customer_id': '1012419'}"
416,"{'systemCount': 17, 'customer_name': 'Talbot Underwriting Ltd.', 'customer_id': '1019293'}"
417,"{'systemCount': 2, 'customer_name': 'Imi Precision Engineering', 'customer_id': '1000412'}"
418,"{'systemCount': 4, 'customer_name': 'Leibniz-Institut fur Lebensmittel System biologie', 'customer_id': '2658892'}"
419,"{'systemCount': 2, 'customer_name': 'Systra', 'customer_id': '1917997'}"
420,"{'systemCount': 4, 'customer_name': 'Fife Council', 'customer_id': '1689983'}"
421,"{'systemCount': 4, 'customer_name': 'DK Hostmaster AS', 'customer_id': '1653300'}"
422,"{'systemCount': 4, 'customer_name': 'Gn Store Nord AS', 'customer_id': '2508305'}"
423,"{'systemCount': 10, 'customer_name': 'Ashmore Group PLC', 'customer_id': '1825527'}"
424,"{'systemCount': 4, 'customer_name': 'Nhs Shared Business Service', 'customer_id': '1856033'}"
425,"{'systemCount': 2, 'customer_name': 'Macfarlanes LLP', 'customer_id': '2272807'}"
426,"{'systemCount': 4, 'customer_name': 'Naturhistoriska Riksmuseet', 'customer_id': '1870330'}"
427,"{'systemCount': 2, 'customer_name': 'Mission EineWelt', 'customer_id': '1686471'}"
428,"{'systemCount': 107, 'customer_name': 'Tieto Finland Oy', 'customer_id': '1504524'}"
429,"{'systemCount': 2, 'customer_name': 'SWEP International AB', 'customer_id': '1503676'}"
430,"{'systemCount': 2, 'customer_name': 'Rixos', 'customer_id': '1825521'}"
431,"{'systemCount': 4, 'customer_name': 'SpareBank 1 Midt-Norge', 'customer_id': '1008132'}"
432,"{'systemCount': 2, 'customer_name': 'Grupo Cortefiel', 'customer_id': '2142337'}"
433,"{'systemCount': 2, 'customer_name': 'Catena Wireless Electronics AB', 'customer_id': '1012667'}"
434,"{'systemCount': 6, 'customer_name': 'Conair Group Ltd.', 'customer_id': '1701954'}"
435,"{'systemCount': 1, 'customer_name': 'Snop Automotive', 'customer_id': '1034438'}"
436,"{'systemCount': 2, 'customer_name': 'Dansk Røde Kors Asylafdeling', 'customer_id': '2485349'}"
437,"{'systemCount': 2, 'customer_name': 'Sperre Indusri AS', 'customer_id': '1582025'}"
438,"{'systemCount': 4, 'customer_name': 'Bradford District Care Trust', 'customer_id': '1575737'}"
439,"{'systemCount': 5, 'customer_name': 'Dallmeier Electronic GmbH & Co. KG', 'customer_id': '1869104'}"
440,"{'systemCount': 4, 'customer_name': 'Modis GmbH', 'customer_id': '1811111'}"
441,"{'systemCount': 4, 'customer_name': 'Kristian Gerhard Jebsen Skipsrederi AS', 'customer_id': '1000446'}"
442,"{'systemCount': 16, 'customer_name': 'Axfood AB', 'customer_id': '1479471'}"
443,"{'systemCount': 8, 'customer_name': 'Octapharma AB', 'customer_id': '1023527'}"
444,"{'systemCount': 2, 'customer_name': 'Pallas Reactor', 'customer_id': '2773405'}"
445,"{'systemCount': 5, 'customer_name': 'Autobinck Holding NV', 'customer_id': '1986566'}"
446,"{'systemCount': 14, 'customer_name': 'International Automotive Components', 'customer_id': '2062544'}"
447,"{'systemCount': 8, 'customer_name': 'APM Terminals Maasvlakte II', 'customer_id': '2029517'}"
448,"{'systemCount': 2, 'customer_name': 'Picturae', 'customer_id': '1025707'}"
449,"{'systemCount': 6, 'customer_name': 'Agel AS', 'customer_id': '1492499'}"
450,"{'systemCount': 35, 'customer_name': 'Kriminalvården Huvudkontoret', 'customer_id': '1766697'}"
451,"{'systemCount': 27, 'customer_name': 'Murata Electronics Oy', 'customer_id': '1907732'}"
452,"{'systemCount': 2, 'customer_name': 'Kwintes Centraal Bureau', 'customer_id': '1852944'}"
453,"{'systemCount': 6, 'customer_name': 'Kliniken Im Naturpark Altmühltal Dienstl eistungsges. mbH', 'customer_id': '2758248'}"
454,"{'systemCount': 1, 'customer_name': 'Eurofins Analytico BV', 'customer_id': '1676651'}"
455,"{'systemCount': 2, 'customer_name': 'GAF AG', 'customer_id': '2322143'}"
456,"{'systemCount': 1, 'customer_name': 'Consultoria Avanzada de Hosting SLU', 'customer_id': '2019717'}"
457,"{'systemCount': 24, 'customer_name': 'DNA Oy', 'customer_id': '1458533'}"
458,"{'systemCount': 2, 'customer_name': 'Shin-Etsu Handotai Europe Ltd.', 'customer_id': '2383100'}"
459,"{'systemCount': 7, 'customer_name': 'Scottish Legal Aid Board', 'customer_id': '1014816'}"
460,"{'systemCount': 17, 'customer_name': 'Boerse Stuttgart GmbH', 'customer_id': '1484810'}"
461,"{'systemCount': 4, 'customer_name': 'Almato AG', 'customer_id': '2749547'}"
462,"{'systemCount': 2, 'customer_name': 'Hexpoltpe', 'customer_id': '1684038'}"
463,"{'systemCount': 8, 'customer_name': 'Mid Sweden University', 'customer_id': '1795816'}"
464,"{'systemCount': 2, 'customer_name': 'SEH-Europe Ltd.', 'customer_id': '2608147'}"
465,"{'systemCount': 2, 'customer_name': 'Norsk Hydro ASA', 'customer_id': '1033566'}"
466,"{'systemCount': 8, 'customer_name': 'Tyréns AB', 'customer_id': '1719011'}"
467,"{'systemCount': 10, 'customer_name': 'Salamander Industrie-Produkte GmbH', 'customer_id': '1012648'}"
468,"{'systemCount': 1, 'customer_name': 'Schlumberger Information Technology Serv ices Norge AS', 'customer_id': '1009482'}"
469,"{'systemCount': 2, 'customer_name': 'Eurosport', 'customer_id': '1007063'}"
470,"{'systemCount': 71, 'customer_name': 'Telia Sverige AB', 'customer_id': '2425487'}"
471,"{'systemCount': 43, 'customer_name': 'Elisa Oyj', 'customer_id': '1835301'}"
472,"{'systemCount': 2, 'customer_name': 'Papyrus AB', 'customer_id': '1915142'}"
473,"{'systemCount': 23, 'customer_name': 'Socura GmbH', 'customer_id': '1639054'}"
474,"{'systemCount': 3, 'customer_name': 'Heinloth Transport GmbH & Co. KG', 'customer_id': '2424392'}"
475,"{'systemCount': 1, 'customer_name': 'Waldkrankenhaus St Marien gGmbH', 'customer_id': '1461920'}"
476,"{'systemCount': 2, 'customer_name': 'BMT Defence Services Ltd.', 'customer_id': '2323213'}"
477,"{'systemCount': 2, 'customer_name': 'Gwent Police', 'customer_id': '1953415'}"
478,"{'systemCount': 1, 'customer_name': 'Fundtech', 'customer_id': '1008582'}"
479,"{'systemCount': 12, 'customer_name': 'ProAct Systems A/S', 'customer_id': '1032463'}"
480,"{'systemCount': 2, 'customer_name': 'Leistritz AG', 'customer_id': '1423659'}"
481,"{'systemCount': 1, 'customer_name': 'M Vest Energy AS', 'customer_id': '2486407'}"
482,"{'systemCount': 3, 'customer_name': 'Colt International', 'customer_id': '1569494'}"
483,"{'systemCount': 10, 'customer_name': 'CSC Tieteen Tietotekniikan Keskus Oy', 'customer_id': '1668616'}"
484,"{'systemCount': 12, 'customer_name': 'ABN AMRO Hypotheek Groep', 'customer_id': '1542600'}"
485,"{'systemCount': 5, 'customer_name': 'FCCL GmbH', 'customer_id': '2750991'}"
486,"{'systemCount': 14, 'customer_name': 'AZO GmbH & Co KG', 'customer_id': '1001942'}"
487,"{'systemCount': 2, 'customer_name': 'Statens Kriminaltekniska Lab', 'customer_id': '1699105'}"
488,"{'systemCount': 2, 'customer_name': 'SUSE LINUX s.r.o.', 'customer_id': '2272847'}"
489,"{'systemCount': 2, 'customer_name': 'Landratsamt Fürth', 'customer_id': '1022667'}"
490,"{'systemCount': 2, 'customer_name': 'Fraunhofer-Institut für Integrierte Scha ltungen', 'customer_id': '1007008'}"
491,"{'systemCount': 5, 'customer_name': 'EDW Technology Ltd.', 'customer_id': '1631339'}"
492,"{'systemCount': 19, 'customer_name': 'Fokker Technologies Holding B.V.', 'customer_id': '2134722'}"
493,"{'systemCount': 4, 'customer_name': 'Tate Gallery', 'customer_id': '2375980'}"
494,"{'systemCount': 2, 'customer_name': 'Institute of Physics Publishing Ltd.', 'customer_id': '1000855'}"
495,"{'systemCount': 8, 'customer_name': 'Grammer AG', 'customer_id': '1336976'}"
496,"{'systemCount': 4, 'customer_name': 'SensoNor AS', 'customer_id': '1008577'}"
497,"{'systemCount': 4, 'customer_name': 'Mako Europe Ltd.', 'customer_id': '1529886'}"
498,"{'systemCount': 8, 'customer_name': 'AFA Sjukförsäkrings AB', 'customer_id': '1501296'}"
499,"{'systemCount': 4, 'customer_name': 'Gant AB', 'customer_id': '1491193'}"
500,"{'systemCount': 71, 'customer_name': 'Booking.com BV', 'customer_id': '1413851'}"
501,"{'systemCount': 4, 'customer_name': 'Jigsaw Housing', 'customer_id': '2681492'}"
502,"{'systemCount': 2, 'customer_name': 'StayFriends GmbH', 'customer_id': '1343027'}"
503,"{'systemCount': 2, 'customer_name': 'Cornelius Scipio sro', 'customer_id': '2382260'}"
504,"{'systemCount': 12, 'customer_name': 'Jordbruksverket', 'customer_id': '1802220'}"
505,"{'systemCount': 2, 'customer_name': 'Proact Lietuva UAB', 'customer_id': '1033309'}"
506,"{'systemCount': 6, 'customer_name': 'Talk Talk Technology', 'customer_id': '1643548'}"
507,"{'systemCount': 3, 'customer_name': 'Catena Holding BV', 'customer_id': '1012869'}"
508,"{'systemCount': 1, 'customer_name': 'Garmin Deutschland GmbH', 'customer_id': '1513036'}"
509,"{'systemCount': 14, 'customer_name': 'CGI Sverige AB', 'customer_id': '1482600'}"
510,"{'systemCount': 3, 'customer_name': 'Genmab BV', 'customer_id': '1666892'}"
511,"{'systemCount': 2, 'customer_name': 'Cofunds Ltd.', 'customer_id': '1687110'}"
512,"{'systemCount': 61, 'customer_name': 'noris network AG', 'customer_id': '1030253'}"
513,"{'systemCount': 29, 'customer_name': 'Clifford Chance', 'customer_id': '1030252'}"
514,"{'systemCount': 8, 'customer_name': 'Dwr Cymru Welsh Water', 'customer_id': '1721513'}"
515,"{'systemCount': 1, 'customer_name': 'Arriva UK Trains Ltd.', 'customer_id': '1422108'}"
516,"{'systemCount': 2, 'customer_name': 'Comunidad General De Regantes Del Canal De Paramo', 'customer_id': '2283969'}"
517,"{'systemCount': 1, 'customer_name': 'SK Networks Service Co Ltd.', 'customer_id': '1697395'}"
518,"{'systemCount': 4, 'customer_name': 'Patrizia Immobilien AG', 'customer_id': '2487717'}"
519,"{'systemCount': 11, 'customer_name': 'Regeringskansliet', 'customer_id': '2758683'}"
520,"{'systemCount': 2, 'customer_name': 'Institute of Physics', 'customer_id': '1732656'}"
521,"{'systemCount': 2, 'customer_name': 'Nokia Bell Labs', 'customer_id': '2752910'}"
522,"{'systemCount': 3, 'customer_name': 'Milchwerke Oberfranken West eG', 'customer_id': '1861605'}"
523,"{'systemCount': 5, 'customer_name': 'Brezelbäckerei Ditsch GmbH', 'customer_id': '2196139'}"
524,"{'systemCount': 6, 'customer_name': 'Robert Bosch GmbH', 'customer_id': '1009209'}"
525,"{'systemCount': 2, 'customer_name': 'DSW Zorgverzekeraar', 'customer_id': '1635958'}"
526,"{'systemCount': 11, 'customer_name': 'Generali IS Scarl DE', 'customer_id': '1031592'}"
527,"{'systemCount': 2, 'customer_name': 'Cegal AS', 'customer_id': '1689528'}"
528,"{'systemCount': 16, 'customer_name': 'Ringhals AB', 'customer_id': '2786336'}"
529,"{'systemCount': 8, 'customer_name': 'Volkswagen Group Services SA', 'customer_id': '1650098'}"
530,"{'systemCount': 17, 'customer_name': 'Proact IT Norge AS', 'customer_id': '1033525'}"
531,"{'systemCount': 2, 'customer_name': 'Avalanche Studios', 'customer_id': '2605071'}"
532,"{'systemCount': 1, 'customer_name': 'Tebis Technische Informationssysteme AG', 'customer_id': '1005088'}"
533,"{'systemCount': 2, 'customer_name': 'Olympus Keymed Group of Companies', 'customer_id': '1995000'}"
534,"{'systemCount': 18, 'customer_name': 'Kindred', 'customer_id': '2510477'}"
535,"{'systemCount': 5, 'customer_name': 'Great Ormond Street Hospital NHS Trust', 'customer_id': '1456536'}"
536,"{'systemCount': 4, 'customer_name': 'Gunnar Dafgård AB', 'customer_id': '1543069'}"
537,"{'systemCount': 1, 'customer_name': 'DAZN', 'customer_id': '2735304'}"
538,"{'systemCount': 4, 'customer_name': 'Lundin Energy Norway AS', 'customer_id': '2802473'}"
539,"{'systemCount': 4, 'customer_name': 'Nokia Technologies Oy', 'customer_id': '2635147'}"
540,"{'systemCount': 4, 'customer_name': 'Metrans AS', 'customer_id': '2453118'}"
541,"{'systemCount': 2, 'customer_name': 'Itslearning AS', 'customer_id': '2508158'}"
542,"{'systemCount': 12, 'customer_name': 'Nokia-VZW- MSA', 'customer_id': '2299226'}"
543,"{'systemCount': 2, 'customer_name': 'St Swithuns School', 'customer_id': '1500333'}"
544,"{'systemCount': 2, 'customer_name': 'Electrolux Home Products', 'customer_id': '1624390'}"
545,"{'systemCount': 3, 'customer_name': 'Ovanet AS', 'customer_id': '2711332'}"
546,"{'systemCount': 2, 'customer_name': 'Vereniging Van Vlaamse Steden En Gemeent en', 'customer_id': '1774027'}"
547,"{'systemCount': 5, 'customer_name': 'Erzbistum Paderborn', 'customer_id': '2759510'}"
548,"{'systemCount': 3, 'customer_name': 'New Yorker Information Services Internat ional GmbH', 'customer_id': '1799329'}"
549,"{'systemCount': 4, 'customer_name': 'Sanitex', 'customer_id': '1025333'}"
550,"{'systemCount': 3, 'customer_name': 'Ceska Geologicka Sluzba', 'customer_id': '2512884'}"
551,"{'systemCount': 1, 'customer_name': 'Mercedes-Benz Sverige AB', 'customer_id': '1412724'}"
552,"{'systemCount': 6, 'customer_name': 'Vestia', 'customer_id': '2106875'}"
553,"{'systemCount': 2, 'customer_name': 'DSM Corporate ICT', 'customer_id': '1025338'}"
554,"{'systemCount': 2, 'customer_name': 'Fränkischer Tag', 'customer_id': '1010082'}"
555,"{'systemCount': 4, 'customer_name': 'Securitas Direct España', 'customer_id': '2380444'}"
556,"{'systemCount': 64, 'customer_name': 'Skatteetaten', 'customer_id': '1928001'}"
557,"{'systemCount': 6, 'customer_name': 'Malmö Högskola', 'customer_id': '1703736'}"
558,"{'systemCount': 6, 'customer_name': 'NYX Interactive AB', 'customer_id': '2391328'}"
559,"{'systemCount': 53, 'customer_name': 'Fortnox AB', 'customer_id': '2663842'}"
560,"{'systemCount': 5, 'customer_name': 'Hans Kupfer und Sohn GmbH', 'customer_id': '1013119'}"
561,"{'systemCount': 4, 'customer_name': 'Stadt Unterschleissheim', 'customer_id': '1433678'}"
562,"{'systemCount': 7, 'customer_name': 'Klinikum Der Stadt Ludwigshafen Am Rhein  gGmbH', 'customer_id': '2043189'}"
563,"{'systemCount': 4, 'customer_name': 'Svenska Handelsbanken', 'customer_id': '1006825'}"
564,"{'systemCount': 6, 'customer_name': 'Bischöfliches Ordinariat Eichstätt', 'customer_id': '1513874'}"
565,"{'systemCount': 8, 'customer_name': 'Vattenfall Eldistribution AB', 'customer_id': '2498005'}"
566,"{'systemCount': 2, 'customer_name': 'Heerema Fabrication Group', 'customer_id': '2780338'}"
567,"{'systemCount': 3, 'customer_name': 'Die Rummelsberger Datenverarbeitungs Gmb H', 'customer_id': '1490902'}"
568,"{'systemCount': 4, 'customer_name': 'HCL Technologies France', 'customer_id': '1918234'}"
569,"{'systemCount': 4, 'customer_name': 'Victor Peeters Openb & Ind Werk NV', 'customer_id': '2418136'}"
570,"{'systemCount': 37, 'customer_name': 'Northgate Public Services', 'customer_id': '2383738'}"
571,"{'systemCount': 1, 'customer_name': 'Czech Technical University', 'customer_id': '1701344'}"
572,"{'systemCount': 2, 'customer_name': 'Nufarm UK Ltd.', 'customer_id': '1557011'}"
573,"{'systemCount': 21, 'customer_name': 'Kungliga Tekniska Högskolan', 'customer_id': '1488105'}"
574,"{'systemCount': 12, 'customer_name': ""Birmingham Children's Hospital Nhs Found ation Trust"", 'customer_id': '2038836'}"
575,"{'systemCount': 2, 'customer_name': 'Comunidad de Regantes Los Payuelos', 'customer_id': '2683447'}"
576,"{'systemCount': 4, 'customer_name': 'Mensch und Maschine Management AG', 'customer_id': '1680085'}"
577,"{'systemCount': 4, 'customer_name': 'Fredrikstad Kommune', 'customer_id': '2648238'}"
578,"{'systemCount': 3, 'customer_name': 'Epsilon', 'customer_id': '1020090'}"
579,"{'systemCount': 1, 'customer_name': 'Mesto Cesky Tesin', 'customer_id': '2647149'}"
580,"{'systemCount': 6, 'customer_name': 'Innocent Drinks Ltd.', 'customer_id': '2152795'}"
581,"{'systemCount': 2, 'customer_name': 'IST International Software Technology AB', 'customer_id': '2153882'}"
582,"{'systemCount': 2, 'customer_name': 'Barking & Dagenham Havering & Redbridge CCG', 'customer_id': '2103587'}"
583,"{'systemCount': 5, 'customer_name': 'Grieg Star Shipping AS', 'customer_id': '1027972'}"
584,"{'systemCount': 8, 'customer_name': 'Gazprom Marketing & Trading Ltd.', 'customer_id': '1613056'}"
585,"{'systemCount': 2, 'customer_name': 'Van der Heide', 'customer_id': '1843839'}"
586,"{'systemCount': 2, 'customer_name': 'Veiligheidsregio Kennemerland GGD Kennem erland', 'customer_id': '1895237'}"
587,"{'systemCount': 2, 'customer_name': 'Zapadoceska Univerzita v Plzni', 'customer_id': '1526950'}"
588,"{'systemCount': 4, 'customer_name': 'Magistrat der Stadt Fulda', 'customer_id': '1341905'}"
589,"{'systemCount': 12, 'customer_name': 'Eisai Europe Ltd.', 'customer_id': '1522354'}"
590,"{'systemCount': 4, 'customer_name': 'Institutt for Energiteknikk', 'customer_id': '1015754'}"
591,"{'systemCount': 13, 'customer_name': 'Moravia IT a s', 'customer_id': '1628540'}"
592,"{'systemCount': 4, 'customer_name': 'Gnesta Kommun', 'customer_id': '2421558'}"
593,"{'systemCount': 4, 'customer_name': 'International Baccalaureate Organization', 'customer_id': '1020076'}"
594,"{'systemCount': 4, 'customer_name': 'Gränges Sweden AB', 'customer_id': '2324148'}"
595,"{'systemCount': 2, 'customer_name': 'Valtti Kumppanit Oy', 'customer_id': '2545136'}"
596,"{'systemCount': 2, 'customer_name': 'Cerberus UK', 'customer_id': '1034244'}"
597,"{'systemCount': 2, 'customer_name': 'Meggitt Aircraft Braking Systems', 'customer_id': '1687775'}"
598,"{'systemCount': 12, 'customer_name': 'Eurasian Resources Group BV', 'customer_id': '2576289'}"
599,"{'systemCount': 8, 'customer_name': 'Flagship Housing Group', 'customer_id': '1446937'}"
600,"{'systemCount': 2, 'customer_name': 'Oy Hedengren AB', 'customer_id': '1711561'}"
601,"{'systemCount': 2, 'customer_name': 'Next Uddannelse København', 'customer_id': '2480701'}"
602,"{'systemCount': 9, 'customer_name': 'Fr. Schiettinger KG', 'customer_id': '1456744'}"
603,"{'systemCount': 3, 'customer_name': 'Karolinska Institutet', 'customer_id': '1393360'}"
604,"{'systemCount': 4, 'customer_name': 'Europ Assistance Versicherungs AG', 'customer_id': '1021176'}"
605,"{'systemCount': 4, 'customer_name': 'Worldwide Clinical Trials Inc.', 'customer_id': '1454567'}"
606,"{'systemCount': 2, 'customer_name': 'Medela Medizintechnik GmbH & Co.', 'customer_id': '2089458'}"
607,"{'systemCount': 4, 'customer_name': 'Netnames Ltd.', 'customer_id': '2141838'}"
608,"{'systemCount': 6, 'customer_name': 'DXC Technology', 'customer_id': '1032294'}"
609,"{'systemCount': 11, 'customer_name': 'Handwerkskammer für Unterfranken', 'customer_id': '1017914'}"
610,"{'systemCount': 2, 'customer_name': 'Banco de España', 'customer_id': '1689702'}"
611,"{'systemCount': 1, 'customer_name': 'TDC Fastnet Norden', 'customer_id': '1495396'}"
612,"{'systemCount': 6, 'customer_name': 'Wolf ButterBack KG', 'customer_id': '2401944'}"
613,"{'systemCount': 3, 'customer_name': 'EvoBus GmbH', 'customer_id': '1034239'}"
614,"{'systemCount': 2, 'customer_name': 'DLA Piper Singapore Pte Ltd.', 'customer_id': '2162769'}"
615,"{'systemCount': 2, 'customer_name': 'Solectrix GmbH', 'customer_id': '2065182'}"
616,"{'systemCount': 2, 'customer_name': 'RUAG Ammotec GmbH', 'customer_id': '1001336'}"
617,"{'systemCount': 6, 'customer_name': 'IMO Holding GmbH', 'customer_id': '1642881'}"
618,"{'systemCount': 6, 'customer_name': 'Högskolan I Borås', 'customer_id': '2803345'}"
619,"{'systemCount': 4, 'customer_name': 'Bremnes Seashore AS', 'customer_id': '2411734'}"
620,"{'systemCount': 2, 'customer_name': 'Comcare', 'customer_id': '1780527'}"
621,"{'systemCount': 2, 'customer_name': 'Ustav Termomechaniky Av Cr', 'customer_id': '2379043'}"
622,"{'systemCount': 10, 'customer_name': 'Heinz Glas GmbH & Co. KGaA', 'customer_id': '1769526'}"
623,"{'systemCount': 6, 'customer_name': 'Obermeyer Planen + Beraten GmbH', 'customer_id': '1970816'}"
624,"{'systemCount': 28, 'customer_name': 'GET', 'customer_id': '1340605'}"
625,"{'systemCount': 4, 'customer_name': 'Cambridge University School of Clinical Medicine', 'customer_id': '1805543'}"
626,"{'systemCount': 3, 'customer_name': 'Renk Test System GmbH', 'customer_id': '2566297'}"
627,"{'systemCount': 3, 'customer_name': 'Waterschap Scheldestromen', 'customer_id': '1883205'}"
628,"{'systemCount': 4, 'customer_name': 'TD Securities (USA) LLC', 'customer_id': '1034228'}"
629,"{'systemCount': 2, 'customer_name': 'Ingenico UK Ltd.', 'customer_id': '2661494'}"
630,"{'systemCount': 4, 'customer_name': 'University of Turku', 'customer_id': '1009054'}"
631,"{'systemCount': 10, 'customer_name': 'Atg', 'customer_id': '2382451'}"
632,"{'systemCount': 2, 'customer_name': 'Rossendale Borough Council', 'customer_id': '1514526'}"
633,"{'systemCount': 4, 'customer_name': 'Erdgas Schwaben GmbH', 'customer_id': '1433625'}"
634,"{'systemCount': 13, 'customer_name': 'Norsk Tipping AS', 'customer_id': '1557464'}"
635,"{'systemCount': 2, 'customer_name': 'Acenden Ltd.', 'customer_id': '1337685'}"
636,"{'systemCount': 4, 'customer_name': 'Rochdale Boroughwide Housing', 'customer_id': '1837351'}"
637,"{'systemCount': 4, 'customer_name': 'Nhs Lanarkshire', 'customer_id': '2410872'}"
638,"{'systemCount': 4, 'customer_name': 'Advantops AB', 'customer_id': '2455989'}"
639,"{'systemCount': 4, 'customer_name': 'OFB Projektentwicklung GmbH', 'customer_id': '1463493'}"
640,"{'systemCount': 4, 'customer_name': 'KPMG AB', 'customer_id': '2081993'}"
641,"{'systemCount': 6, 'customer_name': 'Volvo Information Technology AB', 'customer_id': '1032274'}"
642,"{'systemCount': 9, 'customer_name': 'Erzbischöfliches Ordinariat München', 'customer_id': '1010024'}"
643,"{'systemCount': 2, 'customer_name': 'HP', 'customer_id': '1444503'}"
644,"{'systemCount': 8, 'customer_name': 'Arvato Finance AB', 'customer_id': '2276357'}"
645,"{'systemCount': 5, 'customer_name': 'Brückner-Werke KG', 'customer_id': '2090219'}"
646,"{'systemCount': 4, 'customer_name': 'Belmedis', 'customer_id': '1976101'}"
647,"{'systemCount': 10, 'customer_name': 'South Ayrshire Council', 'customer_id': '2276597'}"
648,"{'systemCount': 4, 'customer_name': 'Första AP-fonden', 'customer_id': '1670080'}"
649,"{'systemCount': 15, 'customer_name': 'Routit', 'customer_id': '1008829'}"
650,"{'systemCount': 4, 'customer_name': 'Aditro Oy', 'customer_id': '2101574'}"
651,"{'systemCount': 6, 'customer_name': 'Kreiskrankenhaus Schrobenhausen GmbH', 'customer_id': '2777226'}"
652,"{'systemCount': 10, 'customer_name': 'G-Star Raw CV', 'customer_id': '2162968'}"
653,"{'systemCount': 2, 'customer_name': 'SSPA Sweden AB', 'customer_id': '2025819'}"
654,"{'systemCount': 4, 'customer_name': 'Koninklijke DSM NV', 'customer_id': '1647674'}"
655,"{'systemCount': 8, 'customer_name': 'Hemit', 'customer_id': '1016696'}"
656,"{'systemCount': 48, 'customer_name': 'Zollner Elektronik AG', 'customer_id': '1920371'}"
657,"{'systemCount': 2, 'customer_name': 'Stadtverwaltung Gernsheim', 'customer_id': '1016211'}"
658,"{'systemCount': 6, 'customer_name': 'Investitions- und Strukturbank Rheinland -Pfalz (ISB) Adoer', 'customer_id': '1020956'}"
659,"{'systemCount': 1, 'customer_name': 'Rpc Formatec mbH', 'customer_id': '2673012'}"
660,"{'systemCount': 2, 'customer_name': 'up to data Professional Services GmbH', 'customer_id': '1014039'}"
661,"{'systemCount': 4, 'customer_name': 'Care Plus Group', 'customer_id': '2007389'}"
662,"{'systemCount': 10, 'customer_name': 'Synthon', 'customer_id': '2159310'}"
663,"{'systemCount': 6, 'customer_name': 'Exonet', 'customer_id': '2008472'}"
664,"{'systemCount': 8, 'customer_name': 'Tieto Sweden AB', 'customer_id': '1485491'}"
665,"{'systemCount': 2, 'customer_name': 'Gryaab AB', 'customer_id': '1935620'}"
666,"{'systemCount': 8, 'customer_name': 'Försvarshögskolan', 'customer_id': '1340989'}"
667,"{'systemCount': 2, 'customer_name': 'Validus Holdings Ltd.', 'customer_id': '1714474'}"
668,"{'systemCount': 1, 'customer_name': 'Tibco Software France', 'customer_id': '2066110'}"
669,"{'systemCount': 4, 'customer_name': 'Heerema International Group Services SA', 'customer_id': '1729740'}"
670,"{'systemCount': 6, 'customer_name': 'Mondi Trebsen GmbH', 'customer_id': '2662593'}"
671,"{'systemCount': 2, 'customer_name': 'Arriva PLC', 'customer_id': '2640349'}"
672,"{'systemCount': 13, 'customer_name': 'Suse Linux GmbH', 'customer_id': '1762789'}"
673,"{'systemCount': 1, 'customer_name': 'Volvo España SAU', 'customer_id': '1019971'}"
674,"{'systemCount': 4, 'customer_name': 'Polizeipraesidium Mittelfranken', 'customer_id': '1749333'}"
675,"{'systemCount': 8, 'customer_name': 'Presse- und Informationsamt der Bundesre gierung', 'customer_id': '1598049'}"
676,"{'systemCount': 17, 'customer_name': 'UNI-C Styrelsen for It og Laering', 'customer_id': '2111382'}"
677,"{'systemCount': 78, 'customer_name': 'Vattenfall AB', 'customer_id': '1955484'}"
678,"{'systemCount': 8, 'customer_name': 'Turner & Townsend PLC', 'customer_id': '2159562'}"
679,"{'systemCount': 4, 'customer_name': 'Morson Group PLC', 'customer_id': '2008484'}"
680,"{'systemCount': 4, 'customer_name': 'Stoke on Trent College', 'customer_id': '1492924'}"
681,"{'systemCount': 4, 'customer_name': 'City Building (glasgow) LLP', 'customer_id': '2147588'}"
682,"{'systemCount': 4, 'customer_name': 'Bruun Rasmussen Kunstauktioner A/S', 'customer_id': '1706606'}"
683,"{'systemCount': 8, 'customer_name': 'Computop Wirtschaftsinformatik GmbH', 'customer_id': '1704454'}"
684,"{'systemCount': 4, 'customer_name': 'Doncaster Metropolitan Borough', 'customer_id': '1431893'}"
685,"{'systemCount': 11, 'customer_name': 'FTI Touristik GmbH', 'customer_id': '1005579'}"
686,"{'systemCount': 52, 'customer_name': 'Tele 2', 'customer_id': '2092795'}"
687,"{'systemCount': 2, 'customer_name': 'Sparebank 1 Østlandet', 'customer_id': '2735602'}"
688,"{'systemCount': 5, 'customer_name': 'Aker BP ASA', 'customer_id': '1592532'}"
689,"{'systemCount': 8, 'customer_name': '2M-IT Oy', 'customer_id': '1817691'}"
690,"{'systemCount': 4, 'customer_name': 'Citywire Financial Publishers Ltd.', 'customer_id': '1577388'}"
691,"{'systemCount': 8, 'customer_name': 'Arval BV', 'customer_id': '1007517'}"
692,"{'systemCount': 4, 'customer_name': 'Oticon AS', 'customer_id': '1877522'}"
693,"{'systemCount': 4, 'customer_name': 'IBA AG', 'customer_id': '2605421'}"
694,"{'systemCount': 13, 'customer_name': 'Örebro Universitet', 'customer_id': '1679242'}"
695,"{'systemCount': 2, 'customer_name': 'Michelfelder Holding & Service GmbH', 'customer_id': '2606514'}"
696,"{'systemCount': 2, 'customer_name': 'Omnicare IT Services GmbH', 'customer_id': '2157395'}"
697,"{'systemCount': 4, 'customer_name': 'Danmarks Statistik', 'customer_id': '2511062'}"
698,"{'systemCount': 4, 'customer_name': 'Ametek Airtechnology Group', 'customer_id': '2426838'}"
699,"{'systemCount': 4, 'customer_name': 'NHO', 'customer_id': '1003151'}"
700,"{'systemCount': 2, 'customer_name': 'Universitetet i Oslo', 'customer_id': '1025385'}"
701,"{'systemCount': 2, 'customer_name': 'Proact IT Iberia SL', 'customer_id': '1024295'}"
702,"{'systemCount': 6, 'customer_name': 'Elekta Ltd.', 'customer_id': '1592768'}"
703,"{'systemCount': 2, 'customer_name': 'Proleit AG', 'customer_id': '2755427'}"
704,"{'systemCount': 1, 'customer_name': 'Norgeshus AS', 'customer_id': '2300704'}"
705,"{'systemCount': 4, 'customer_name': 'Mitula Group', 'customer_id': '2643636'}"
706,"{'systemCount': 2, 'customer_name': 'TalkTalk Communications Ltd.', 'customer_id': '1028423'}"
707,"{'systemCount': 38, 'customer_name': 'University of Cambridge', 'customer_id': '1031832'}"
708,"{'systemCount': 2, 'customer_name': 'Gemeente Eindhoven', 'customer_id': '1651706'}"
709,"{'systemCount': 6, 'customer_name': 'University of York', 'customer_id': '1026249'}"
710,"{'systemCount': 13, 'customer_name': 'CGI Suomi Oy', 'customer_id': '1850073'}"
711,"{'systemCount': 4, 'customer_name': 'Sveriges Television AB', 'customer_id': '1786314'}"
712,"{'systemCount': 8, 'customer_name': 'Havs-Och Vattenmyndigheten', 'customer_id': '2762187'}"
713,"{'systemCount': 4, 'customer_name': 'Örebro Läns Landsting', 'customer_id': '1007508'}"
714,"{'systemCount': 2, 'customer_name': 'Ruag Space AB', 'customer_id': '2587725'}"
715,"{'systemCount': 4, 'customer_name': 'Tullett Prebon (usa) Inc.', 'customer_id': '1957882'}"
716,"{'systemCount': 2, 'customer_name': 'Babs Paylink AB', 'customer_id': '1808749'}"
717,"{'systemCount': 8, 'customer_name': 'Visolit', 'customer_id': '1655069'}"
718,"{'systemCount': 8, 'customer_name': 'Knowsley Metropolitan Borough Council', 'customer_id': '1342957'}"
719,"{'systemCount': 5, 'customer_name': 'Chester Racecourse', 'customer_id': '2297351'}"
720,"{'systemCount': 2, 'customer_name': 'Lantmäteriet', 'customer_id': '1341626'}"
721,"{'systemCount': 6, 'customer_name': 'Anderson Strathern LLP', 'customer_id': '2009592'}"
722,"{'systemCount': 13, 'customer_name': 'Sandler AG', 'customer_id': '1340773'}"
723,"{'systemCount': 37, 'customer_name': 'Proact IT Sweden AB', 'customer_id': '1031827'}"
724,"{'systemCount': 48, 'customer_name': 'Watson Farley Williams', 'customer_id': '1030714'}"
725,"{'systemCount': 6, 'customer_name': 'Media Saturn Deutschland GmbH', 'customer_id': '1866843'}"
726,"{'systemCount': 2, 'customer_name': 'Kreis Warendorf Der Landrat', 'customer_id': '1006845'}"
727,"{'systemCount': 2, 'customer_name': 'Datea', 'customer_id': '2569069'}"
728,"{'systemCount': 15, 'customer_name': 'Garmin Ltd.', 'customer_id': '1915826'}"
729,"{'systemCount': 12, 'customer_name': 'Foster & Partners', 'customer_id': '1017749'}"
730,"{'systemCount': 4, 'customer_name': 'Nottinghamshire Healthcare NHS', 'customer_id': '1018836'}"
731,"{'systemCount': 2, 'customer_name': 'Scan Coin Group AB', 'customer_id': '1700039'}"
732,"{'systemCount': 4, 'customer_name': 'Gemeente Appingedam', 'customer_id': '1005993'}"
733,"{'systemCount': 3, 'customer_name': 'Pohjois-Hämeen Puhelin Oy', 'customer_id': '2255963'}"
734,"{'systemCount': 2, 'customer_name': 'Hoyer UK Ltd.', 'customer_id': '1655094'}"
735,"{'systemCount': 4, 'customer_name': 'Registers of Scotland', 'customer_id': '1957210'}"
736,"{'systemCount': 6, 'customer_name': 'Kommunalförbundet Itsam', 'customer_id': '2460936'}"
737,"{'systemCount': 4, 'customer_name': 'Ericsson GmbH', 'customer_id': '1005987'}"
738,"{'systemCount': 3, 'customer_name': 'Bleckmann Nederland BV', 'customer_id': '2377248'}"
739,"{'systemCount': 6, 'customer_name': 'Enea AB', 'customer_id': '1597399'}"
740,"{'systemCount': 19, 'customer_name': 'Anstalt für Kommunale Datenverarbeitung in Bayern', 'customer_id': '1012063'}"
741,"{'systemCount': 3, 'customer_name': 'Robinson Club GmbH', 'customer_id': '1448287'}"
742,"{'systemCount': 14, 'customer_name': 'Pierce AB', 'customer_id': '2295111'}"
743,"{'systemCount': 2, 'customer_name': 'K4 AS', 'customer_id': '2408176'}"
744,"{'systemCount': 4, 'customer_name': 'Thales Norway AS', 'customer_id': '2654536'}"
745,"{'systemCount': 2, 'customer_name': 'Thurrock Council', 'customer_id': '1016666'}"
746,"{'systemCount': 1, 'customer_name': 'Zuyderland Medisch Centrum', 'customer_id': '1023193'}"
747,"{'systemCount': 2, 'customer_name': 'Ineos', 'customer_id': '1807233'}"
748,"{'systemCount': 4, 'customer_name': 'B Braun Medical Sro', 'customer_id': '2477347'}"
749,"{'systemCount': 4, 'customer_name': 'Highland Spring Group', 'customer_id': '2338250'}"
750,"{'systemCount': 26, 'customer_name': 'Proact Netherlands BV', 'customer_id': '1393295'}"
751,"{'systemCount': 1, 'customer_name': 'NCP Engineering GmbH', 'customer_id': '2065211'}"
752,"{'systemCount': 1, 'customer_name': 'Multrix', 'customer_id': '1027765'}"
753,"{'systemCount': 11, 'customer_name': 'OneSubsea Processing AS', 'customer_id': '1003113'}"
754,"{'systemCount': 6, 'customer_name': 'Thomas Miller And Co Ltd.', 'customer_id': '2582461'}"
755,"{'systemCount': 5, 'customer_name': 'Zambia National Commercial Bank PLC', 'customer_id': '1556884'}"
756,"{'systemCount': 10, 'customer_name': 'Ziekenhuis Rijnstate', 'customer_id': '1019905'}"
757,"{'systemCount': 2, 'customer_name': 'BKK AS', 'customer_id': '1016632'}"
758,"{'systemCount': 2, 'customer_name': 'Evraz Vitkovice Steel AS', 'customer_id': '2353058'}"
759,"{'systemCount': 6, 'customer_name': 'FMG Support Ltd.', 'customer_id': '1018812'}"
760,"{'systemCount': 13, 'customer_name': 'GKN Aerospace Sweden AB', 'customer_id': '2011637'}"
761,"{'systemCount': 2, 'customer_name': 'Proact Finance AB', 'customer_id': '1579528'}"
762,"{'systemCount': 11, 'customer_name': 'Hama GmbH & Co. KG', 'customer_id': '1015544'}"
763,"{'systemCount': 4, 'customer_name': 'BGL Group', 'customer_id': '1523750'}"
764,"{'systemCount': 2, 'customer_name': 'Equinor ASA', 'customer_id': '1580990'}"
765,"{'systemCount': 1, 'customer_name': 'TD Direct Investing', 'customer_id': '2580297'}"
766,"{'systemCount': 6, 'customer_name': 'Mondi Packaging Bad Rappenau GmbH', 'customer_id': '1507044'}"
767,"{'systemCount': 1, 'customer_name': 'Zilch + Müller Ingenieure GmbH', 'customer_id': '1590302'}"
768,"{'systemCount': 4, 'customer_name': 'Fundaments BV', 'customer_id': '2436847'}"
769,"{'systemCount': 12, 'customer_name': 'Siltronic AG', 'customer_id': '1012046'}"
770,"{'systemCount': 3, 'customer_name': 'Arrow Enterprise Computing Solutions Ltd .', 'customer_id': '1016404'}"
771,"{'systemCount': 1, 'customer_name': 'Hengeler Mueller', 'customer_id': '1017735'}"
772,"{'systemCount': 3, 'customer_name': 'Rauh Hydraulik GmbH', 'customer_id': '1015554'}"
773,"{'systemCount': 2, 'customer_name': 'Asturiana de Zinc SA (XSTRATA ZINC)', 'customer_id': '1956118'}"
774,"{'systemCount': 8, 'customer_name': 'Sbm Offshore', 'customer_id': '1937852'}"
775,"{'systemCount': 5, 'customer_name': 'Bau- und Verwaltungsgesellschaft mbH Hal le', 'customer_id': '1512632'}"
776,"{'systemCount': 7, 'customer_name': 'Vardin Pelagic', 'customer_id': '2400432'}"
777,"{'systemCount': 10, 'customer_name': 'Glencore Grain BV', 'customer_id': '1946365'}"
778,"{'systemCount': 2, 'customer_name': 'Magenta Living', 'customer_id': '2217800'}"
779,"{'systemCount': 2, 'customer_name': 'Meggitt Polymers & Composites', 'customer_id': '1856444'}"
780,"{'systemCount': 4, 'customer_name': 'Hochschule Hof', 'customer_id': '1022733'}"
781,"{'systemCount': 10, 'customer_name': 'BSH Hausgeräte GmbH', 'customer_id': '1008427'}"
782,"{'systemCount': 2, 'customer_name': 'Mondi Wellpappe Ansbach GmbH', 'customer_id': '1030352'}"
783,"{'systemCount': 3, 'customer_name': 'Volvo Trucks', 'customer_id': '1891446'}"
784,"{'systemCount': 6, 'customer_name': 'Sodermanlands Lans Landsting', 'customer_id': '1550282'}"
785,"{'systemCount': 4, 'customer_name': 'Gentoo Group Ltd.', 'customer_id': '1020319'}"
786,"{'systemCount': 4, 'customer_name': 'TechnipFMC', 'customer_id': '2548168'}"
787,"{'systemCount': 14, 'customer_name': 'The University of Nottingham', 'customer_id': '2167102'}"
788,"{'systemCount': 2, 'customer_name': 'DutchAero BV', 'customer_id': '2539453'}"
789,"{'systemCount': 3, 'customer_name': 'Sunnfjord Og Ytre Sogn Ikt', 'customer_id': '1865394'}"
790,"{'systemCount': 3, 'customer_name': 'Eesti Rahvusringhaaling', 'customer_id': '1901458'}"
791,"{'systemCount': 6, 'customer_name': 'Dwf LLP', 'customer_id': '1870734'}"
792,"{'systemCount': 3, 'customer_name': 'BN Bank ASA', 'customer_id': '1624728'}"
793,"{'systemCount': 19, 'customer_name': 'Landkreis Fulda', 'customer_id': '1022503'}"
794,"{'systemCount': 4, 'customer_name': 'Arun District Council', 'customer_id': '1597115'}"
795,"{'systemCount': 8, 'customer_name': 'Riksgäldskontoret', 'customer_id': '1424250'}"
796,"{'systemCount': 2, 'customer_name': 'Belgoprocess', 'customer_id': '1538140'}"
797,"{'systemCount': 3, 'customer_name': 'Fokker Landing Gear', 'customer_id': '1631254'}"
798,"{'systemCount': 30, 'customer_name': 'IBM Svenska AB', 'customer_id': '1007561'}"
799,"{'systemCount': 4, 'customer_name': 'Mactaggart Scott (holdings) Ltd.', 'customer_id': '2384129'}"
800,"{'systemCount': 12, 'customer_name': 'FRA Försvarets Radioanstalt', 'customer_id': '1032537'}"
801,"{'systemCount': 4, 'customer_name': 'Wassenburg Medical Devices BV', 'customer_id': '2361262'}"
802,"{'systemCount': 3, 'customer_name': 'Axima AB', 'customer_id': '2643695'}"
803,"{'systemCount': 2, 'customer_name': 'ARW Enterprise Computing Solutions SA', 'customer_id': '1770115'}"
804,"{'systemCount': 75, 'customer_name': 'Solvinity BV', 'customer_id': '1619388'}"
805,"{'systemCount': 8, 'customer_name': 'die Bayerische IT GmbH', 'customer_id': '1339371'}"
806,"{'systemCount': 2, 'customer_name': 'Runsvengruppen AB', 'customer_id': '1020771'}"
807,"{'systemCount': 1, 'customer_name': 'Deutsche Nahrmittel Gesellschaft Farmlan d Food Service KG', 'customer_id': '1848838'}"
808,"{'systemCount': 8, 'customer_name': 'Airbus Defence and Space Oy', 'customer_id': '2615875'}"
809,"{'systemCount': 8, 'customer_name': 'Ifs World Operation', 'customer_id': '2016285'}"
810,"{'systemCount': 13, 'customer_name': 'TomTom International BV', 'customer_id': '1019301'}"
811,"{'systemCount': 4, 'customer_name': 'Be Aerospace Fischer GmbH', 'customer_id': '2631240'}"
812,"{'systemCount': 21, 'customer_name': 'Geobra Brandstaetter Stiftung & Co. KG', 'customer_id': '1957476'}"
813,"{'systemCount': 4, 'customer_name': 'GE Energy', 'customer_id': '1033611'}"
814,"{'systemCount': 2, 'customer_name': 'Fes Ltd.', 'customer_id': '2122653'}"
815,"{'systemCount': 17, 'customer_name': 'Proact Finland Oy', 'customer_id': '1032524'}"
816,"{'systemCount': 11, 'customer_name': 'Byondis BV', 'customer_id': '2773480'}"
817,"{'systemCount': 2, 'customer_name': 'Alm Brand A/S', 'customer_id': '1012916'}"
818,"{'systemCount': 2, 'customer_name': 'Pwo Unitools Cz AS', 'customer_id': '2730790'}"
819,"{'systemCount': 4, 'customer_name': 'Cz', 'customer_id': '2518536'}"
820,"{'systemCount': 13, 'customer_name': 'Universität der Bundeswehr', 'customer_id': '1029340'}"
821,"{'systemCount': 3, 'customer_name': 'Benders Sverige AB', 'customer_id': '1805063'}"
822,"{'systemCount': 4, 'customer_name': 'Bierens Incasso Advocaten', 'customer_id': '2518533'}"
823,"{'systemCount': 4, 'customer_name': 'RealVNC Ltd.', 'customer_id': '1727141'}"
824,"{'systemCount': 2, 'customer_name': 'Multim Oy', 'customer_id': '2330165'}"
825,"{'systemCount': 1, 'customer_name': 'Miljodirektoratet', 'customer_id': '1531979'}"
826,"{'systemCount': 6, 'customer_name': 'Howard Kennedy LLP', 'customer_id': '1340139'}"
827,"{'systemCount': 2, 'customer_name': 'Schlumberger Information Solutions', 'customer_id': '1032512'}"
828,"{'systemCount': 6, 'customer_name': 'Kraftringen Energi AB', 'customer_id': '2109445'}"
829,"{'systemCount': 2, 'customer_name': 'DTU Compute', 'customer_id': '2048086'}"
830,"{'systemCount': 3, 'customer_name': 'SBAB', 'customer_id': '1459352'}"
831,"{'systemCount': 14, 'customer_name': 'Polismyndigheten', 'customer_id': '2583376'}"
832,"{'systemCount': 2, 'customer_name': 'Carmarthenshire County Council', 'customer_id': '1784309'}"
833,"{'systemCount': 4, 'customer_name': 'Biomathematics & Statistics Scotland', 'customer_id': '1430906'}"
834,"{'systemCount': 8, 'customer_name': 'International Financial Data Services Lt d.', 'customer_id': '1554845'}"
835,"{'systemCount': 2, 'customer_name': 'Trens AS', 'customer_id': '1717548'}"
836,"{'systemCount': 5, 'customer_name': 'Glencore Agriculture BV', 'customer_id': '2659837'}"
837,"{'systemCount': 1, 'customer_name': 'Volvo (China) Investment Co Ltd.', 'customer_id': '1032742'}"
838,"{'systemCount': 4, 'customer_name': 'Räddningstjänsten', 'customer_id': '2522825'}"
839,"{'systemCount': 18, 'customer_name': 'DLA Piper UK LLP', 'customer_id': '1033835'}"
840,"{'systemCount': 67, 'customer_name': 'Tieto Oyj', 'customer_id': '2325804'}"
841,"{'systemCount': 46, 'customer_name': 'Trafigura', 'customer_id': '1015170'}"
842,"{'systemCount': 2, 'customer_name': 'Ipswich Hospital NHS Trust', 'customer_id': '1992476'}"
843,"{'systemCount': 2, 'customer_name': 'Eesti Post', 'customer_id': '2625888'}"
844,"{'systemCount': 5, 'customer_name': 'Kungälvs kommun', 'customer_id': '1561389'}"
845,"{'systemCount': 312, 'customer_name': 'Saab AB', 'customer_id': '1021854'}"
846,"{'systemCount': 2, 'customer_name': 'UNEP World Conservation Monitoring Centr e', 'customer_id': '2367605'}"
847,"{'systemCount': 7, 'customer_name': 'Wrightington Wigan & Leigh NHS', 'customer_id': '1021853'}"
848,"{'systemCount': 26, 'customer_name': 'Heerema Marine Contractors Nederland BV', 'customer_id': '1015174'}"
849,"{'systemCount': 4, 'customer_name': 'Philips Lighting BV', 'customer_id': '1660860'}"
850,"{'systemCount': 30, 'customer_name': 'Discovery Communications Inc.', 'customer_id': '1007521'}"
851,"{'systemCount': 2, 'customer_name': 'Kreisverwaltung Recklinghausen', 'customer_id': '1017116'}"
852,"{'systemCount': 4, 'customer_name': 'Tjorns Kommun', 'customer_id': '2518546'}"
853,"{'systemCount': 5, 'customer_name': 'Tranås Kommun', 'customer_id': '1505010'}"
854,"{'systemCount': 6, 'customer_name': 'University of Hull', 'customer_id': '1011810'}"
855,"{'systemCount': 2, 'customer_name': 'Pipedrive OÜ', 'customer_id': '2644344'}"
856,"{'systemCount': 14, 'customer_name': 'Telenor Nordic Operations', 'customer_id': '1935250'}"
857,"{'systemCount': 8, 'customer_name': 'Daimler AG', 'customer_id': '1032718'}"
858,"{'systemCount': 4, 'customer_name': 'KOAC-NPC', 'customer_id': '1647652'}"
859,"{'systemCount': 4, 'customer_name': 'Inbo BV', 'customer_id': '2445397'}"
860,"{'systemCount': 6, 'customer_name': 'Sivantos GmbH', 'customer_id': '1520644'}"
861,"{'systemCount': 2, 'customer_name': 'NHS Tayside', 'customer_id': '1000923'}"
862,"{'systemCount': 8, 'customer_name': 'Fingerprint', 'customer_id': '2409097'}"
863,"{'systemCount': 2, 'customer_name': 'Nemocnice s poliklinikou v Novem Jicine prispevkova organizace', 'customer_id': '2246181'}"
864,"{'systemCount': 3, 'customer_name': 'Apokjeden', 'customer_id': '1936137'}"
865,"{'systemCount': 4, 'customer_name': 'NHS National Services Scotland', 'customer_id': '1008644'}"
866,"{'systemCount': 31, 'customer_name': 'South Wales Police', 'customer_id': '2036298'}"
867,"{'systemCount': 2, 'customer_name': 'Elomatic Oy', 'customer_id': '2363499'}"
868,"{'systemCount': 4, 'customer_name': 'Saab Microwave Systems AB', 'customer_id': '2239405'}"
869,"{'systemCount': 8, 'customer_name': 'Prudential PLC', 'customer_id': '2076959'}"
870,"{'systemCount': 8, 'customer_name': 'Skistar AB', 'customer_id': '1670883'}"
871,"{'systemCount': 2, 'customer_name': 'Barry Callebaut NV', 'customer_id': '1707754'}"
872,"{'systemCount': 2, 'customer_name': 'Skinco Colombit SA', 'customer_id': '2341257'}"
873,"{'systemCount': 4, 'customer_name': 'Icap', 'customer_id': '2102610'}"
874,"{'systemCount': 8, 'customer_name': 'Logiq AS', 'customer_id': '1008635'}"
875,"{'systemCount': 3, 'customer_name': 'Arrow ECS Sweden AB', 'customer_id': '1022923'}"
876,"{'systemCount': 2, 'customer_name': 'DHL Express', 'customer_id': '1007308'}"
877,"{'systemCount': 4, 'customer_name': 'The Northview Group Ltd.', 'customer_id': '2540236'}"
878,"{'systemCount': 8, 'customer_name': 'Gensler', 'customer_id': '1496705'}"
879,"{'systemCount': 2, 'customer_name': 'Arcadis Nederland BV', 'customer_id': '1010943'}"
880,"{'systemCount': 2, 'customer_name': 'Norges Geotekniske Institutt', 'customer_id': '2798955'}"
881,"{'systemCount': 5, 'customer_name': 'Ericsson Canada Inc.', 'customer_id': '1004275'}"
882,"{'systemCount': 4, 'customer_name': 'SpareBank 1 Nord-Norge', 'customer_id': '1027373'}"
883,"{'systemCount': 5, 'customer_name': 'HCL Technologies Finland Oy', 'customer_id': '2644122'}"
